time,.Header.seq,.Header.stamp.secs,.Header.stamp.nsecs,.Header.frame_id,.Latitude,.Longitude,.Altitude,.UTM_easting,.UTM_northing,.RTK,.Zone,.Letter
2022/10/06/18:46:48.033698,0,82008,0,GPS1_Frame,42.338263999999995,-71.08651,27.4,328114.8001630078,4689442.781484822,4,19,T
2022/10/06/18:46:49.052293,0,82009,0,GPS1_Frame,42.338263999999995,-71.08651,27.4,328114.8001630078,4689442.781484822,4,19,T
2022/10/06/18:46:50.028174,0,82010,0,GPS1_Frame,42.338263999999995,-71.08651,27.4,328114.8001630078,4689442.781484822,4,19,T
2022/10/06/18:46:51.051409,0,82011,0,GPS1_Frame,42.338263999999995,-71.08651,27.4,328114.8001630078,4689442.781484822,4,19,T
2022/10/06/18:46:52.029393,0,82012,0,GPS1_Frame,42.338263999999995,-71.08651,27.4,328114.8001630078,4689442.781484822,4,19,T
2022/10/06/18:46:53.053230,0,82013,0,GPS1_Frame,42.338263999999995,-71.08651,27.4,328114.8001630078,4689442.781484822,4,19,T
2022/10/06/18:46:54.030229,0,82014,0,GPS1_Frame,42.338263999999995,-71.08651,27.4,328114.8001630078,4689442.781484822,4,19,T
2022/10/06/18:46:55.053018,0,82015,0,GPS1_Frame,42.338263999999995,-71.08651,27.4,328114.8001630078,4689442.781484822,4,19,T
2022/10/06/18:46:56.026754,0,82016,0,GPS1_Frame,42.338263999999995,-71.08651,27.4,328114.8001630078,4689442.781484822,4,19,T
2022/10/06/18:46:57.052054,0,82017,0,GPS1_Frame,42.338263999999995,-71.08651,27.4,328114.8001630078,4689442.781484822,4,19,T
2022/10/06/18:46:58.030383,0,82018,0,GPS1_Frame,42.338263999999995,-71.08651,27.4,328114.8001630078,4689442.781484822,4,19,T
2022/10/06/18:46:59.049388,0,82019,0,GPS1_Frame,42.338263999999995,-71.08651,27.4,328114.8001630078,4689442.781484822,4,19,T
2022/10/06/18:47:00.023821,0,82020,0,GPS1_Frame,42.338263999999995,-71.08651016666666,27.4,328114.7864325545,4689442.781821734,4,19,T
2022/10/06/18:47:01.053469,0,82021,0,GPS1_Frame,42.338263999999995,-71.08651,27.4,328114.8001630078,4689442.781484822,4,19,T
2022/10/06/18:47:02.028020,0,82022,0,GPS1_Frame,42.338263999999995,-71.08651,27.4,328114.8001630078,4689442.781484822,4,19,T
2022/10/06/18:47:03.054423,0,82023,0,GPS1_Frame,42.338263999999995,-71.08651,27.4,328114.8001630078,4689442.781484822,4,19,T
2022/10/06/18:47:04.025607,0,82024,0,GPS1_Frame,42.338263999999995,-71.08651,27.4,328114.8001630078,4689442.781484822,4,19,T
2022/10/06/18:47:05.053547,0,82025,0,GPS1_Frame,42.338263999999995,-71.08651,27.4,328114.8001630078,4689442.781484822,4,19,T
2022/10/06/18:47:06.030157,0,82026,0,GPS1_Frame,42.338263999999995,-71.08651,27.4,328114.8001630078,4689442.781484822,4,19,T
2022/10/06/18:47:07.051937,0,82027,0,GPS1_Frame,42.338263999999995,-71.08651,27.4,328114.8001630078,4689442.781484822,4,19,T
2022/10/06/18:47:08.029223,0,82028,0,GPS1_Frame,42.338263999999995,-71.08651,27.4,328114.8001630078,4689442.781484822,4,19,T
2022/10/06/18:47:09.051006,0,82029,0,GPS1_Frame,42.338263999999995,-71.08651,27.4,328114.8001630078,4689442.781484822,4,19,T
2022/10/06/18:47:10.028391,0,82030,0,GPS1_Frame,42.338263999999995,-71.08651,27.4,328114.8001630078,4689442.781484822,4,19,T
2022/10/06/18:47:11.053599,0,82031,0,GPS1_Frame,42.338263999999995,-71.08651016666666,27.4,328114.7864325545,4689442.781821734,4,19,T
2022/10/06/18:47:12.028830,0,82032,0,GPS1_Frame,42.338263999999995,-71.08651016666666,27.4,328114.7864325545,4689442.781821734,4,19,T
2022/10/06/18:47:13.054429,0,82033,0,GPS1_Frame,42.338263999999995,-71.08651016666666,27.4,328114.7864325545,4689442.781821734,4,19,T
2022/10/06/18:47:14.030582,0,82034,0,GPS1_Frame,42.338263999999995,-71.08651016666666,27.4,328114.7864325545,4689442.781821734,4,19,T
2022/10/06/18:47:15.052510,0,82035,0,GPS1_Frame,42.338264166666676,-71.08651016666666,27.4,328114.7868866741,4689442.800328799,4,19,T
2022/10/06/18:47:16.029070,0,82036,0,GPS1_Frame,42.338263999999995,-71.08651,27.4,328114.8001630078,4689442.781484822,4,19,T
2022/10/06/18:47:17.050946,0,82037,0,GPS1_Frame,42.338263999999995,-71.08651016666666,27.4,328114.7864325545,4689442.781821734,4,19,T
2022/10/06/18:47:18.025251,0,82038,0,GPS1_Frame,42.338263999999995,-71.08651016666666,27.4,328114.7864325545,4689442.781821734,4,19,T
2022/10/06/18:47:19.053694,0,82039,0,GPS1_Frame,42.338263999999995,-71.08651,27.4,328114.8001630078,4689442.781484822,4,19,T
2022/10/06/18:47:20.029825,0,82040,0,GPS1_Frame,42.338263999999995,-71.08651016666666,27.4,328114.7864325545,4689442.781821734,4,19,T
2022/10/06/18:47:21.054899,0,82041,0,GPS1_Frame,42.338263999999995,-71.08651,27.4,328114.8001630078,4689442.781484822,4,19,T
2022/10/06/18:47:22.029673,0,82042,0,GPS1_Frame,42.338263999999995,-71.08651016666666,27.4,328114.7864325545,4689442.781821734,4,19,T
2022/10/06/18:47:23.053959,0,82043,0,GPS1_Frame,42.338263999999995,-71.08651016666666,27.4,328114.7864325545,4689442.781821734,4,19,T
2022/10/06/18:47:24.029521,0,82044,0,GPS1_Frame,42.338263999999995,-71.08651016666666,27.4,328114.7864325545,4689442.781821734,4,19,T
2022/10/06/18:47:25.052465,0,82045,0,GPS1_Frame,42.338264166666676,-71.08651016666666,27.4,328114.7868866741,4689442.800328799,4,19,T
2022/10/06/18:47:26.026948,0,82046,0,GPS1_Frame,42.338264166666676,-71.08651016666666,27.4,328114.7868866741,4689442.800328799,4,19,T
2022/10/06/18:47:27.050496,0,82047,0,GPS1_Frame,42.338264166666676,-71.08651,27.4,328114.80061712745,4689442.799991886,4,19,T
2022/10/06/18:47:28.029204,0,82048,0,GPS1_Frame,42.338263999999995,-71.08651,27.4,328114.8001630078,4689442.781484822,4,19,T
2022/10/06/18:47:29.055388,0,82049,0,GPS1_Frame,42.338263999999995,-71.08651,27.4,328114.8001630078,4689442.781484822,4,19,T
2022/10/06/18:47:30.031049,0,82050,0,GPS1_Frame,42.338263999999995,-71.08651,27.4,328114.8001630078,4689442.781484822,4,19,T
2022/10/06/18:47:31.054747,0,82051,0,GPS1_Frame,42.338263999999995,-71.08651,27.4,328114.8001630078,4689442.781484822,4,19,T
2022/10/06/18:47:32.030097,0,82052,0,GPS1_Frame,42.338263999999995,-71.08651,27.4,328114.8001630078,4689442.781484822,4,19,T
2022/10/06/18:47:33.052856,0,82053,0,GPS1_Frame,42.338263999999995,-71.08651,27.4,328114.8001630078,4689442.781484822,4,19,T
2022/10/06/18:47:34.030736,0,82054,0,GPS1_Frame,42.338263999999995,-71.08651016666666,27.4,328114.7864325545,4689442.781821734,4,19,T
2022/10/06/18:47:35.049291,0,82055,0,GPS1_Frame,42.338263999999995,-71.08651016666666,27.4,328114.7864325545,4689442.781821734,4,19,T
2022/10/06/18:47:36.026222,0,82056,0,GPS1_Frame,42.338263999999995,-71.08651,27.4,328114.8001630078,4689442.781484822,4,19,T
2022/10/06/18:47:37.051831,0,82057,0,GPS1_Frame,42.338263999999995,-71.08651,27.4,328114.8001630078,4689442.781484822,4,19,T
2022/10/06/18:47:38.027017,0,82058,0,GPS1_Frame,42.338263999999995,-71.08651016666666,27.4,328114.7864325545,4689442.781821734,4,19,T
2022/10/06/18:47:39.052069,0,82059,0,GPS1_Frame,42.338263999999995,-71.08651016666666,27.4,328114.7864325545,4689442.781821734,4,19,T
2022/10/06/18:47:40.027951,0,82060,0,GPS1_Frame,42.338263999999995,-71.08651,27.4,328114.8001630078,4689442.781484822,4,19,T
2022/10/06/18:47:41.051816,0,82061,0,GPS1_Frame,42.338263999999995,-71.08651,27.4,328114.8001630078,4689442.781484822,4,19,T
2022/10/06/18:47:42.030277,0,82062,0,GPS1_Frame,42.338263999999995,-71.08651016666666,27.4,328114.7864325545,4689442.781821734,4,19,T
2022/10/06/18:47:43.052530,0,82063,0,GPS1_Frame,42.338263999999995,-71.08651016666666,27.4,328114.7864325545,4689442.781821734,4,19,T
2022/10/06/18:47:44.028286,0,82064,0,GPS1_Frame,42.338263999999995,-71.08651,27.4,328114.8001630078,4689442.781484822,4,19,T
2022/10/06/18:47:45.050201,0,82065,0,GPS1_Frame,42.338263999999995,-71.08651016666666,27.4,328114.7864325545,4689442.781821734,4,19,T
2022/10/06/18:47:46.027441,0,82066,0,GPS1_Frame,42.338263999999995,-71.08651016666666,27.4,328114.7864325545,4689442.781821734,4,19,T
2022/10/06/18:47:47.051368,0,82067,0,GPS1_Frame,42.338263999999995,-71.08651016666666,27.4,328114.7864325545,4689442.781821734,4,19,T
2022/10/06/18:47:48.027535,0,82068,0,GPS1_Frame,42.338263999999995,-71.08651,27.4,328114.8001630078,4689442.781484822,4,19,T
2022/10/06/18:47:49.050784,0,82069,0,GPS1_Frame,42.338264166666676,-71.08651016666666,27.4,328114.7868866741,4689442.800328799,4,19,T
2022/10/06/18:47:50.029128,0,82070,0,GPS1_Frame,42.338264166666676,-71.08651,27.4,328114.80061712745,4689442.799991886,4,19,T
2022/10/06/18:47:51.051852,0,82071,0,GPS1_Frame,42.338263999999995,-71.08651,27.4,328114.8001630078,4689442.781484822,4,19,T
2022/10/06/18:47:52.029623,0,82072,0,GPS1_Frame,42.338264166666676,-71.08651,27.4,328114.80061712745,4689442.799991886,4,19,T
2022/10/06/18:47:53.048791,0,82073,0,GPS1_Frame,42.338264166666676,-71.08651016666666,27.4,328114.7868866741,4689442.800328799,4,19,T
2022/10/06/18:47:54.026100,0,82074,0,GPS1_Frame,42.338263999999995,-71.08651016666666,27.4,328114.7864325545,4689442.781821734,4,19,T
2022/10/06/18:47:55.052539,0,82075,0,GPS1_Frame,42.338263999999995,-71.08651,27.4,328114.8001630078,4689442.781484822,4,19,T
2022/10/06/18:47:56.028315,0,82076,0,GPS1_Frame,42.338263999999995,-71.08651,27.4,328114.8001630078,4689442.781484822,4,19,T
2022/10/06/18:47:57.052074,0,82077,0,GPS1_Frame,42.338263999999995,-71.08651,27.4,328114.8001630078,4689442.781484822,4,19,T
2022/10/06/18:47:58.028684,0,82078,0,GPS1_Frame,42.338263999999995,-71.08651016666666,27.4,328114.7864325545,4689442.781821734,4,19,T
2022/10/06/18:47:59.053238,0,82079,0,GPS1_Frame,42.338263999999995,-71.08651016666666,27.4,328114.7864325545,4689442.781821734,4,19,T
2022/10/06/18:48:00.026463,0,82080,0,GPS1_Frame,42.338263999999995,-71.08651016666666,27.4,328114.7864325545,4689442.781821734,4,19,T
2022/10/06/18:48:01.050599,0,82081,0,GPS1_Frame,42.338263999999995,-71.08651,27.4,328114.8001630078,4689442.781484822,4,19,T
2022/10/06/18:48:02.027416,0,82082,0,GPS1_Frame,42.338263999999995,-71.08651,27.4,328114.8001630078,4689442.781484822,4,19,T
2022/10/06/18:48:03.050448,0,82083,0,GPS1_Frame,42.338263999999995,-71.08651,27.4,328114.8001630078,4689442.781484822,4,19,T
2022/10/06/18:48:04.027722,0,82084,0,GPS1_Frame,42.338263999999995,-71.08651,27.4,328114.8001630078,4689442.781484822,4,19,T
2022/10/06/18:48:05.050172,0,82085,0,GPS1_Frame,42.338263999999995,-71.08651016666666,27.4,328114.7864325545,4689442.781821734,4,19,T
2022/10/06/18:48:06.029134,0,82086,0,GPS1_Frame,42.338263999999995,-71.08651,27.4,328114.8001630078,4689442.781484822,4,19,T
2022/10/06/18:48:07.049394,0,82087,0,GPS1_Frame,42.338263999999995,-71.08651,27.4,328114.8001630078,4689442.781484822,4,19,T
2022/10/06/18:48:08.027471,0,82088,0,GPS1_Frame,42.338263999999995,-71.08651,27.4,328114.8001630078,4689442.781484822,4,19,T
2022/10/06/18:48:09.054828,0,82089,0,GPS1_Frame,42.338263999999995,-71.08651016666666,27.4,328114.7864325545,4689442.781821734,4,19,T
2022/10/06/18:48:10.027187,0,82090,0,GPS1_Frame,42.338263999999995,-71.08651016666666,27.4,328114.7864325545,4689442.781821734,4,19,T
2022/10/06/18:48:11.044760,0,82091,0,GPS1_Frame,42.338263999999995,-71.08651,27.4,328114.8001630078,4689442.781484822,4,19,T
2022/10/06/18:48:12.024834,0,82092,0,GPS1_Frame,42.338263999999995,-71.08651,27.4,328114.8001630078,4689442.781484822,4,19,T
2022/10/06/18:48:13.051370,0,82093,0,GPS1_Frame,42.338263999999995,-71.08651,27.4,328114.8001630078,4689442.781484822,4,19,T
2022/10/06/18:48:14.027373,0,82094,0,GPS1_Frame,42.338263999999995,-71.08651,27.4,328114.8001630078,4689442.781484822,4,19,T
2022/10/06/18:48:15.051733,0,82095,0,GPS1_Frame,42.338263999999995,-71.08651,27.4,328114.8001630078,4689442.781484822,4,19,T
2022/10/06/18:48:16.027219,0,82096,0,GPS1_Frame,42.338263999999995,-71.08651,27.4,328114.8001630078,4689442.781484822,4,19,T
2022/10/06/18:48:17.050836,0,82097,0,GPS1_Frame,42.338263999999995,-71.08651,27.4,328114.8001630078,4689442.781484822,4,19,T
2022/10/06/18:48:18.027989,0,82098,0,GPS1_Frame,42.338264166666676,-71.08651,27.4,328114.80061712745,4689442.799991886,4,19,T
2022/10/06/18:48:19.051268,0,82099,0,GPS1_Frame,42.338264166666676,-71.08651,27.4,328114.80061712745,4689442.799991886,4,19,T
2022/10/06/18:48:20.026269,0,82100,0,GPS1_Frame,42.338264166666676,-71.08651,27.4,328114.80061712745,4689442.799991886,4,19,T
2022/10/06/18:48:21.049765,0,82101,0,GPS1_Frame,42.338263999999995,-71.08651,27.4,328114.8001630078,4689442.781484822,4,19,T
2022/10/06/18:48:22.027068,0,82102,0,GPS1_Frame,42.338263999999995,-71.08651,27.4,328114.8001630078,4689442.781484822,4,19,T
2022/10/06/18:48:23.051445,0,82103,0,GPS1_Frame,42.338263999999995,-71.08651,27.4,328114.8001630078,4689442.781484822,4,19,T
2022/10/06/18:48:24.027552,0,82104,0,GPS1_Frame,42.338263999999995,-71.08651,27.4,328114.8001630078,4689442.781484822,4,19,T
2022/10/06/18:48:25.052063,0,82105,0,GPS1_Frame,42.338263999999995,-71.08651,27.4,328114.8001630078,4689442.781484822,4,19,T
2022/10/06/18:48:26.028230,0,82106,0,GPS1_Frame,42.338263999999995,-71.08651,27.4,328114.8001630078,4689442.781484822,4,19,T
2022/10/06/18:48:27.051621,0,82107,0,GPS1_Frame,42.338263999999995,-71.08651,27.4,328114.8001630078,4689442.781484822,4,19,T
2022/10/06/18:48:28.028768,0,82108,0,GPS1_Frame,42.338263999999995,-71.08651,27.4,328114.8001630078,4689442.781484822,4,19,T
2022/10/06/18:48:29.047953,0,82109,0,GPS1_Frame,42.338263999999995,-71.08651,27.4,328114.8001630078,4689442.781484822,4,19,T
2022/10/06/18:48:30.025828,0,82110,0,GPS1_Frame,42.338263999999995,-71.08651,27.4,328114.8001630078,4689442.781484822,4,19,T
2022/10/06/18:48:31.050281,0,82111,0,GPS1_Frame,42.338264166666676,-71.08651,27.4,328114.80061712745,4689442.799991886,4,19,T
2022/10/06/18:48:32.027922,0,82112,0,GPS1_Frame,42.338264166666676,-71.08651,27.4,328114.80061712745,4689442.799991886,4,19,T
2022/10/06/18:48:33.049379,0,82113,0,GPS1_Frame,42.338264166666676,-71.08651,27.4,328114.80061712745,4689442.799991886,4,19,T
2022/10/06/18:48:34.028264,0,82114,0,GPS1_Frame,42.338263999999995,-71.08651,27.4,328114.8001630078,4689442.781484822,4,19,T
2022/10/06/18:48:35.050348,0,82115,0,GPS1_Frame,42.338263999999995,-71.08651,27.4,328114.8001630078,4689442.781484822,4,19,T
2022/10/06/18:48:36.028306,0,82116,0,GPS1_Frame,42.338263999999995,-71.08651,27.4,328114.8001630078,4689442.781484822,4,19,T
2022/10/06/18:48:37.050515,0,82117,0,GPS1_Frame,42.338263999999995,-71.08651,27.4,328114.8001630078,4689442.781484822,4,19,T
2022/10/06/18:48:38.027242,0,82118,0,GPS1_Frame,42.338264166666676,-71.08651,27.4,328114.80061712745,4689442.799991886,4,19,T
2022/10/06/18:48:39.049279,0,82119,0,GPS1_Frame,42.338264166666676,-71.08651,27.4,328114.80061712745,4689442.799991886,4,19,T
2022/10/06/18:48:40.026949,0,82120,0,GPS1_Frame,42.338263999999995,-71.08651016666666,27.4,328114.7864325545,4689442.781821734,4,19,T
2022/10/06/18:48:41.050787,0,82121,0,GPS1_Frame,42.338264166666676,-71.08651016666666,27.4,328114.7868866741,4689442.800328799,4,19,T
2022/10/06/18:48:42.027721,0,82122,0,GPS1_Frame,42.338263999999995,-71.08651,27.4,328114.8001630078,4689442.781484822,4,19,T
2022/10/06/18:48:43.051914,0,82123,0,GPS1_Frame,42.338263999999995,-71.08651,27.4,328114.8001630078,4689442.781484822,4,19,T
2022/10/06/18:48:44.024986,0,82124,0,GPS1_Frame,42.338264166666676,-71.08651,27.4,328114.80061712745,4689442.799991886,4,19,T
2022/10/06/18:48:45.049659,0,82125,0,GPS1_Frame,42.338263999999995,-71.08651,27.4,328114.8001630078,4689442.781484822,4,19,T
2022/10/06/18:48:46.026012,0,82126,0,GPS1_Frame,42.338263999999995,-71.08651,27.4,328114.8001630078,4689442.781484822,4,19,T
2022/10/06/18:48:47.046220,0,82127,0,GPS1_Frame,42.338263999999995,-71.08651016666666,27.4,328114.7864325545,4689442.781821734,4,19,T
2022/10/06/18:48:48.026226,0,82128,0,GPS1_Frame,42.338263999999995,-71.08651,27.4,328114.8001630078,4689442.781484822,4,19,T
2022/10/06/18:48:49.050150,0,82129,0,GPS1_Frame,42.338263999999995,-71.08651016666666,27.4,328114.7864325545,4689442.781821734,4,19,T
2022/10/06/18:48:50.025391,0,82130,0,GPS1_Frame,42.338263999999995,-71.08651,27.4,328114.8001630078,4689442.781484822,4,19,T
2022/10/06/18:48:51.051697,0,82131,0,GPS1_Frame,42.338263999999995,-71.08651016666666,27.4,328114.7864325545,4689442.781821734,4,19,T
2022/10/06/18:48:52.026684,0,82132,0,GPS1_Frame,42.338264166666676,-71.08651016666666,27.4,328114.7868866741,4689442.800328799,4,19,T
2022/10/06/18:48:53.051402,0,82133,0,GPS1_Frame,42.338263999999995,-71.08651,27.4,328114.8001630078,4689442.781484822,4,19,T
2022/10/06/18:48:54.026810,0,82134,0,GPS1_Frame,42.338263999999995,-71.08651,27.4,328114.8001630078,4689442.781484822,4,19,T
2022/10/06/18:48:55.051254,0,82135,0,GPS1_Frame,42.338263999999995,-71.08651,27.4,328114.8001630078,4689442.781484822,4,19,T
2022/10/06/18:48:56.026119,0,82136,0,GPS1_Frame,42.338263999999995,-71.08651,27.4,328114.8001630078,4689442.781484822,4,19,T
2022/10/06/18:48:57.049542,0,82137,0,GPS1_Frame,42.338263999999995,-71.08651,27.4,328114.8001630078,4689442.781484822,4,19,T
2022/10/06/18:48:58.026268,0,82138,0,GPS1_Frame,42.338264166666676,-71.08651016666666,27.4,328114.7868866741,4689442.800328799,4,19,T
2022/10/06/18:48:59.050128,0,82139,0,GPS1_Frame,42.338264166666676,-71.08651016666666,27.4,328114.7868866741,4689442.800328799,4,19,T
2022/10/06/18:49:00.027638,0,82140,0,GPS1_Frame,42.338264166666676,-71.08651016666666,27.4,328114.7868866741,4689442.800328799,4,19,T
2022/10/06/18:49:01.047511,0,82141,0,GPS1_Frame,42.338263999999995,-71.08651,27.4,328114.8001630078,4689442.781484822,4,19,T
2022/10/06/18:49:02.023989,0,82142,0,GPS1_Frame,42.338263999999995,-71.08651016666666,27.4,328114.7864325545,4689442.781821734,4,19,T
2022/10/06/18:49:03.050285,0,82143,0,GPS1_Frame,42.338264166666676,-71.08651,27.4,328114.80061712745,4689442.799991886,4,19,T
2022/10/06/18:49:04.026316,0,82144,0,GPS1_Frame,42.338263999999995,-71.08651,27.4,328114.8001630078,4689442.781484822,4,19,T
2022/10/06/18:49:05.047699,0,82145,0,GPS1_Frame,42.338263999999995,-71.08651016666666,27.4,328114.7864325545,4689442.781821734,4,19,T
2022/10/06/18:49:06.025726,0,82146,0,GPS1_Frame,42.338263999999995,-71.08651,27.4,328114.8001630078,4689442.781484822,4,19,T
2022/10/06/18:49:07.050230,0,82147,0,GPS1_Frame,42.338263999999995,-71.08651,27.4,328114.8001630078,4689442.781484822,4,19,T
2022/10/06/18:49:08.023659,0,82148,0,GPS1_Frame,42.338263999999995,-71.08651016666666,27.4,328114.7864325545,4689442.781821734,4,19,T
2022/10/06/18:49:09.047953,0,82149,0,GPS1_Frame,42.338263999999995,-71.08651016666666,27.4,328114.7864325545,4689442.781821734,4,19,T
2022/10/06/18:49:10.023134,0,82150,0,GPS1_Frame,42.338263999999995,-71.08651,27.4,328114.8001630078,4689442.781484822,4,19,T
2022/10/06/18:49:11.050284,0,82151,0,GPS1_Frame,42.338263999999995,-71.08651016666666,27.4,328114.7864325545,4689442.781821734,4,19,T
2022/10/06/18:49:12.026289,0,82152,0,GPS1_Frame,42.338263999999995,-71.08651016666666,27.4,328114.7864325545,4689442.781821734,4,19,T
2022/10/06/18:49:13.050200,0,82153,0,GPS1_Frame,42.338263999999995,-71.08651,27.4,328114.8001630078,4689442.781484822,4,19,T
2022/10/06/18:49:14.024392,0,82154,0,GPS1_Frame,42.338263999999995,-71.08651,27.4,328114.8001630078,4689442.781484822,4,19,T
2022/10/06/18:49:15.048738,0,82155,0,GPS1_Frame,42.338263999999995,-71.08651016666666,27.4,328114.7864325545,4689442.781821734,4,19,T
2022/10/06/18:49:16.025375,0,82156,0,GPS1_Frame,42.338263999999995,-71.08651016666666,27.4,328114.7864325545,4689442.781821734,4,19,T
2022/10/06/18:49:17.049573,0,82157,0,GPS1_Frame,42.338263999999995,-71.08651,27.4,328114.8001630078,4689442.781484822,4,19,T
2022/10/06/18:49:18.026118,0,82158,0,GPS1_Frame,42.338263999999995,-71.08651016666666,27.4,328114.7864325545,4689442.781821734,4,19,T
2022/10/06/18:49:19.048200,0,82159,0,GPS1_Frame,42.338263999999995,-71.08651016666666,27.4,328114.7864325545,4689442.781821734,4,19,T
2022/10/06/18:49:20.026438,0,82160,0,GPS1_Frame,42.338264166666676,-71.08651016666666,27.4,328114.7868866741,4689442.800328799,4,19,T
2022/10/06/18:49:21.050366,0,82161,0,GPS1_Frame,42.338264166666676,-71.08651016666666,27.4,328114.7868866741,4689442.800328799,4,19,T
2022/10/06/18:49:22.025703,0,82162,0,GPS1_Frame,42.338263999999995,-71.08651016666666,27.4,328114.7864325545,4689442.781821734,4,19,T
2022/10/06/18:49:23.046984,0,82163,0,GPS1_Frame,42.338263999999995,-71.08651016666666,27.4,328114.7864325545,4689442.781821734,4,19,T
2022/10/06/18:49:24.023884,0,82164,0,GPS1_Frame,42.338263999999995,-71.08651016666666,27.4,328114.7864325545,4689442.781821734,4,19,T
2022/10/06/18:49:25.048495,0,82165,0,GPS1_Frame,42.338263999999995,-71.08651016666666,27.4,328114.7864325545,4689442.781821734,4,19,T
2022/10/06/18:49:26.025943,0,82166,0,GPS1_Frame,42.338263999999995,-71.08651016666666,27.4,328114.7864325545,4689442.781821734,4,19,T
2022/10/06/18:49:27.051348,0,82167,0,GPS1_Frame,42.338263999999995,-71.08651016666666,27.4,328114.7864325545,4689442.781821734,4,19,T
2022/10/06/18:49:28.026209,0,82168,0,GPS1_Frame,42.338263999999995,-71.08651016666666,27.4,328114.7864325545,4689442.781821734,4,19,T
2022/10/06/18:49:29.049542,0,82169,0,GPS1_Frame,42.338263999999995,-71.08651016666666,27.4,328114.7864325545,4689442.781821734,4,19,T
2022/10/06/18:49:30.028742,0,82170,0,GPS1_Frame,42.338263999999995,-71.08651016666666,27.4,328114.7864325545,4689442.781821734,4,19,T
2022/10/06/18:49:31.044741,0,82171,0,GPS1_Frame,42.338263999999995,-71.08651,27.4,328114.8001630078,4689442.781484822,4,19,T
2022/10/06/18:49:32.024153,0,82172,0,GPS1_Frame,42.338263999999995,-71.08651,27.4,328114.8001630078,4689442.781484822,4,19,T
2022/10/06/18:49:33.047603,0,82173,0,GPS1_Frame,42.338263999999995,-71.08651016666666,27.4,328114.7864325545,4689442.781821734,4,19,T
2022/10/06/18:49:34.025597,0,82174,0,GPS1_Frame,42.338263999999995,-71.08651016666666,27.4,328114.7864325545,4689442.781821734,4,19,T
2022/10/06/18:49:35.048552,0,82175,0,GPS1_Frame,42.338263999999995,-71.08651016666666,27.4,328114.7864325545,4689442.781821734,4,19,T
2022/10/06/18:49:36.027266,0,82176,0,GPS1_Frame,42.338263999999995,-71.08651016666666,27.4,328114.7864325545,4689442.781821734,4,19,T
2022/10/06/18:49:37.048291,0,82177,0,GPS1_Frame,42.338263999999995,-71.08651016666666,27.4,328114.7864325545,4689442.781821734,4,19,T
2022/10/06/18:49:38.025882,0,82178,0,GPS1_Frame,42.338263999999995,-71.08651,27.4,328114.8001630078,4689442.781484822,4,19,T
2022/10/06/18:49:39.048560,0,82179,0,GPS1_Frame,42.338263999999995,-71.08651,27.4,328114.8001630078,4689442.781484822,4,19,T
2022/10/06/18:49:40.025171,0,82180,0,GPS1_Frame,42.338263999999995,-71.08651016666666,27.4,328114.7864325545,4689442.781821734,4,19,T
2022/10/06/18:49:41.045794,0,82181,0,GPS1_Frame,42.338264166666676,-71.08651016666666,27.4,328114.7868866741,4689442.800328799,4,19,T
2022/10/06/18:49:42.023196,0,82182,0,GPS1_Frame,42.338263999999995,-71.08651016666666,27.4,328114.7864325545,4689442.781821734,4,19,T
2022/10/06/18:49:43.050055,0,82183,0,GPS1_Frame,42.338263999999995,-71.08651016666666,27.4,328114.7864325545,4689442.781821734,4,19,T
2022/10/06/18:49:44.026337,0,82184,0,GPS1_Frame,42.338263999999995,-71.08651,27.4,328114.8001630078,4689442.781484822,4,19,T
2022/10/06/18:49:45.050907,0,82185,0,GPS1_Frame,42.338263999999995,-71.08651,27.4,328114.8001630078,4689442.781484822,4,19,T
2022/10/06/18:49:46.024798,0,82186,0,GPS1_Frame,42.338263999999995,-71.08651,27.4,328114.8001630078,4689442.781484822,4,19,T
2022/10/06/18:49:47.048456,0,82187,0,GPS1_Frame,42.338263999999995,-71.08651016666666,27.4,328114.7864325545,4689442.781821734,4,19,T
2022/10/06/18:49:48.026642,0,82188,0,GPS1_Frame,42.338263999999995,-71.08651,27.4,328114.8001630078,4689442.781484822,4,19,T
2022/10/06/18:49:49.047778,0,82189,0,GPS1_Frame,42.338263999999995,-71.08651,27.4,328114.8001630078,4689442.781484822,4,19,T
2022/10/06/18:49:50.024077,0,82190,0,GPS1_Frame,42.338263999999995,-71.08651,27.4,328114.8001630078,4689442.781484822,4,19,T
2022/10/06/18:49:51.047408,0,82191,0,GPS1_Frame,42.338263999999995,-71.08651,27.4,328114.8001630078,4689442.781484822,4,19,T
2022/10/06/18:49:52.025403,0,82192,0,GPS1_Frame,42.338263999999995,-71.08651,27.4,328114.8001630078,4689442.781484822,4,19,T
2022/10/06/18:49:53.049574,0,82193,0,GPS1_Frame,42.338264166666676,-71.08651016666666,27.4,328114.7868866741,4689442.800328799,4,19,T
2022/10/06/18:49:54.026383,0,82194,0,GPS1_Frame,42.338264166666676,-71.08651,27.4,328114.80061712745,4689442.799991886,4,19,T
2022/10/06/18:49:55.048537,0,82195,0,GPS1_Frame,42.338264166666676,-71.08651,27.4,328114.80061712745,4689442.799991886,4,19,T
2022/10/06/18:49:56.025203,0,82196,0,GPS1_Frame,42.338263999999995,-71.08651016666666,27.4,328114.7864325545,4689442.781821734,4,19,T
2022/10/06/18:49:57.049636,0,82197,0,GPS1_Frame,42.338263999999995,-71.08651,27.4,328114.8001630078,4689442.781484822,4,19,T
2022/10/06/18:49:58.026241,0,82198,0,GPS1_Frame,42.338263999999995,-71.08651,27.4,328114.8001630078,4689442.781484822,4,19,T
2022/10/06/18:49:59.041900,0,82199,0,GPS1_Frame,42.338263999999995,-71.08651016666666,27.4,328114.7864325545,4689442.781821734,4,19,T
2022/10/06/18:50:00.020048,0,82200,0,GPS1_Frame,42.338263999999995,-71.08651016666666,27.4,328114.7864325545,4689442.781821734,4,19,T
2022/10/06/18:50:01.049667,0,82201,0,GPS1_Frame,42.338263999999995,-71.08651,27.4,328114.8001630078,4689442.781484822,4,19,T
2022/10/06/18:50:02.023252,0,82202,0,GPS1_Frame,42.338263999999995,-71.08651,27.4,328114.8001630078,4689442.781484822,4,19,T
2022/10/06/18:50:03.051090,0,82203,0,GPS1_Frame,42.338263999999995,-71.08651,27.4,328114.8001630078,4689442.781484822,4,19,T
2022/10/06/18:50:04.024992,0,82204,0,GPS1_Frame,42.338263999999995,-71.08651,27.4,328114.8001630078,4689442.781484822,4,19,T
2022/10/06/18:50:05.048461,0,82205,0,GPS1_Frame,42.338263999999995,-71.08651,27.4,328114.8001630078,4689442.781484822,4,19,T
2022/10/06/18:50:06.024926,0,82206,0,GPS1_Frame,42.338263999999995,-71.08651,27.4,328114.8001630078,4689442.781484822,4,19,T
2022/10/06/18:50:07.048243,0,82207,0,GPS1_Frame,42.338263999999995,-71.08651016666666,27.4,328114.7864325545,4689442.781821734,4,19,T
2022/10/06/18:50:08.023171,0,82208,0,GPS1_Frame,42.338263999999995,-71.08651,27.4,328114.8001630078,4689442.781484822,4,19,T
2022/10/06/18:50:09.046196,0,82209,0,GPS1_Frame,42.338263999999995,-71.08651016666666,27.4,328114.7864325545,4689442.781821734,4,19,T
2022/10/06/18:50:10.024957,0,82210,0,GPS1_Frame,42.338263999999995,-71.08651016666666,27.4,328114.7864325545,4689442.781821734,4,19,T
2022/10/06/18:50:11.048024,0,82211,0,GPS1_Frame,42.338263999999995,-71.08651,27.4,328114.8001630078,4689442.781484822,4,19,T
2022/10/06/18:50:12.025383,0,82212,0,GPS1_Frame,42.338263999999995,-71.08651,27.4,328114.8001630078,4689442.781484822,4,19,T
2022/10/06/18:50:13.048317,0,82213,0,GPS1_Frame,42.338263999999995,-71.08651016666666,27.4,328114.7864325545,4689442.781821734,4,19,T
2022/10/06/18:50:14.024775,0,82214,0,GPS1_Frame,42.338263999999995,-71.08651,27.4,328114.8001630078,4689442.781484822,4,19,T
2022/10/06/18:50:15.047636,0,82215,0,GPS1_Frame,42.338263999999995,-71.08651016666666,27.4,328114.7864325545,4689442.781821734,4,19,T
2022/10/06/18:50:16.028451,0,82216,0,GPS1_Frame,42.338263999999995,-71.08651,27.4,328114.8001630078,4689442.781484822,4,19,T
2022/10/06/18:50:17.039605,0,82217,0,GPS1_Frame,42.338263999999995,-71.08651,27.4,328114.8001630078,4689442.781484822,4,19,T
2022/10/06/18:50:18.022912,0,82218,0,GPS1_Frame,42.338263999999995,-71.08651,27.4,328114.8001630078,4689442.781484822,4,19,T
2022/10/06/18:50:19.046705,0,82219,0,GPS1_Frame,42.338263999999995,-71.08651,27.4,328114.8001630078,4689442.781484822,4,19,T
2022/10/06/18:50:20.024931,0,82220,0,GPS1_Frame,42.338263999999995,-71.08651,27.4,328114.8001630078,4689442.781484822,4,19,T
2022/10/06/18:50:21.047163,0,82221,0,GPS1_Frame,42.338263999999995,-71.08651,27.4,328114.8001630078,4689442.781484822,4,19,T
2022/10/06/18:50:22.024517,0,82222,0,GPS1_Frame,42.338263999999995,-71.08651016666666,27.4,328114.7864325545,4689442.781821734,4,19,T
2022/10/06/18:50:23.048604,0,82223,0,GPS1_Frame,42.338263999999995,-71.08651,27.4,328114.8001630078,4689442.781484822,4,19,T
2022/10/06/18:50:24.025638,0,82224,0,GPS1_Frame,42.338263999999995,-71.08651016666666,27.4,328114.7864325545,4689442.781821734,4,19,T
2022/10/06/18:50:25.044941,0,82225,0,GPS1_Frame,42.338263999999995,-71.08651016666666,27.4,328114.7864325545,4689442.781821734,4,19,T
2022/10/06/18:50:26.021319,0,82226,0,GPS1_Frame,42.338263999999995,-71.08651,27.4,328114.8001630078,4689442.781484822,4,19,T
2022/10/06/18:50:27.045486,0,82227,0,GPS1_Frame,42.338264166666676,-71.08651,27.4,328114.80061712745,4689442.799991886,4,19,T
2022/10/06/18:50:28.024662,0,82228,0,GPS1_Frame,42.338263999999995,-71.08651016666666,27.4,328114.7864325545,4689442.781821734,4,19,T
2022/10/06/18:50:29.046681,0,82229,0,GPS1_Frame,42.338263999999995,-71.08651016666666,27.4,328114.7864325545,4689442.781821734,4,19,T
2022/10/06/18:50:30.024952,0,82230,0,GPS1_Frame,42.338263999999995,-71.08651016666666,27.4,328114.7864325545,4689442.781821734,4,19,T
2022/10/06/18:50:31.047102,0,82231,0,GPS1_Frame,42.338264166666676,-71.08651016666666,27.4,328114.7868866741,4689442.800328799,4,19,T
2022/10/06/18:50:32.023057,0,82232,0,GPS1_Frame,42.338264166666676,-71.08651016666666,27.4,328114.7868866741,4689442.800328799,4,19,T
2022/10/06/18:50:33.050774,0,82233,0,GPS1_Frame,42.338263999999995,-71.08651016666666,27.4,328114.7864325545,4689442.781821734,4,19,T
2022/10/06/18:50:34.023432,0,82234,0,GPS1_Frame,42.338264166666676,-71.08651,27.4,328114.80061712745,4689442.799991886,4,19,T
2022/10/06/18:50:35.044972,0,82235,0,GPS1_Frame,42.338263999999995,-71.08651,27.4,328114.8001630078,4689442.781484822,4,19,T
2022/10/06/18:50:36.023020,0,82236,0,GPS1_Frame,42.338263999999995,-71.08651016666666,27.4,328114.7864325545,4689442.781821734,4,19,T
2022/10/06/18:50:37.047130,0,82237,0,GPS1_Frame,42.338263999999995,-71.08651016666666,27.4,328114.7864325545,4689442.781821734,4,19,T
2022/10/06/18:50:38.025347,0,82238,0,GPS1_Frame,42.338263999999995,-71.08651016666666,27.4,328114.7864325545,4689442.781821734,4,19,T
2022/10/06/18:50:39.052986,0,82239,0,GPS1_Frame,42.338263999999995,-71.08651016666666,27.4,328114.7864325545,4689442.781821734,4,19,T
2022/10/06/18:50:40.025735,0,82240,0,GPS1_Frame,42.338263999999995,-71.08651,27.4,328114.8001630078,4689442.781484822,4,19,T
2022/10/06/18:50:41.047585,0,82241,0,GPS1_Frame,42.338263999999995,-71.08651,27.4,328114.8001630078,4689442.781484822,4,19,T
2022/10/06/18:50:42.027236,0,82242,0,GPS1_Frame,42.338263999999995,-71.08651,27.4,328114.8001630078,4689442.781484822,4,19,T
2022/10/06/18:50:43.049249,0,82243,0,GPS1_Frame,42.338263999999995,-71.08651,27.4,328114.8001630078,4689442.781484822,4,19,T
2022/10/06/18:50:44.023896,0,82244,0,GPS1_Frame,42.338263999999995,-71.08651,27.4,328114.8001630078,4689442.781484822,4,19,T
2022/10/06/18:50:45.045755,0,82245,0,GPS1_Frame,42.338263999999995,-71.08651016666666,27.4,328114.7864325545,4689442.781821734,4,19,T
2022/10/06/18:50:46.026143,0,82246,0,GPS1_Frame,42.338263999999995,-71.08651016666666,27.4,328114.7864325545,4689442.781821734,4,19,T
2022/10/06/18:50:47.050578,0,82247,0,GPS1_Frame,42.338263999999995,-71.08651,27.4,328114.8001630078,4689442.781484822,4,19,T
2022/10/06/18:50:48.025500,0,82248,0,GPS1_Frame,42.338263999999995,-71.08651,27.4,328114.8001630078,4689442.781484822,4,19,T
2022/10/06/18:50:49.052240,0,82249,0,GPS1_Frame,42.338263999999995,-71.08651016666666,27.4,328114.7864325545,4689442.781821734,4,19,T
2022/10/06/18:50:50.024808,0,82250,0,GPS1_Frame,42.338263999999995,-71.08651016666666,27.4,328114.7864325545,4689442.781821734,4,19,T
2022/10/06/18:50:51.049217,0,82251,0,GPS1_Frame,42.338263999999995,-71.08651016666666,27.4,328114.7864325545,4689442.781821734,4,19,T
2022/10/06/18:50:52.024192,0,82252,0,GPS1_Frame,42.338263999999995,-71.08651,27.4,328114.8001630078,4689442.781484822,4,19,T
2022/10/06/18:50:53.044006,0,82253,0,GPS1_Frame,42.338263999999995,-71.08651016666666,27.4,328114.7864325545,4689442.781821734,4,19,T
2022/10/06/18:50:54.022673,0,82254,0,GPS1_Frame,42.338263999999995,-71.08651016666666,27.4,328114.7864325545,4689442.781821734,4,19,T
2022/10/06/18:50:55.045501,0,82255,0,GPS1_Frame,42.338263999999995,-71.08651,27.4,328114.8001630078,4689442.781484822,4,19,T
2022/10/06/18:50:56.025437,0,82256,0,GPS1_Frame,42.338263999999995,-71.08651,27.4,328114.8001630078,4689442.781484822,4,19,T
2022/10/06/18:50:57.049307,0,82257,0,GPS1_Frame,42.338263999999995,-71.08651,27.4,328114.8001630078,4689442.781484822,4,19,T
2022/10/06/18:50:58.024221,0,82258,0,GPS1_Frame,42.338263999999995,-71.08651,27.4,328114.8001630078,4689442.781484822,4,19,T
2022/10/06/18:50:59.048408,0,82259,0,GPS1_Frame,42.338263999999995,-71.08651,27.4,328114.8001630078,4689442.781484822,4,19,T
2022/10/06/18:51:00.021686,0,82260,0,GPS1_Frame,42.338263999999995,-71.08651016666666,27.4,328114.7864325545,4689442.781821734,4,19,T
2022/10/06/18:51:01.048576,0,82261,0,GPS1_Frame,42.338263999999995,-71.08651,27.4,328114.8001630078,4689442.781484822,4,19,T
2022/10/06/18:51:02.022787,0,82262,0,GPS1_Frame,42.338263999999995,-71.08651,27.4,328114.8001630078,4689442.781484822,4,19,T
2022/10/06/18:51:03.047752,0,82263,0,GPS1_Frame,42.338263999999995,-71.08651,27.4,328114.8001630078,4689442.781484822,4,19,T
2022/10/06/18:51:04.025632,0,82264,0,GPS1_Frame,42.338263999999995,-71.08651,27.4,328114.8001630078,4689442.781484822,4,19,T
2022/10/06/18:51:05.046639,0,82265,0,GPS1_Frame,42.338263999999995,-71.08651016666666,27.4,328114.7864325545,4689442.781821734,4,19,T
2022/10/06/18:51:06.024536,0,82266,0,GPS1_Frame,42.338263999999995,-71.08651016666666,27.4,328114.7864325545,4689442.781821734,4,19,T
2022/10/06/18:51:07.047237,0,82267,0,GPS1_Frame,42.338263999999995,-71.08651016666666,27.4,328114.7864325545,4689442.781821734,4,19,T
2022/10/06/18:51:08.025982,0,82268,0,GPS1_Frame,42.338263999999995,-71.08651,27.4,328114.8001630078,4689442.781484822,4,19,T
2022/10/06/18:51:09.049008,0,82269,0,GPS1_Frame,42.338263999999995,-71.08651,27.4,328114.8001630078,4689442.781484822,4,19,T
2022/10/06/18:51:10.022954,0,82270,0,GPS1_Frame,42.338263999999995,-71.08651016666666,27.4,328114.7864325545,4689442.781821734,4,19,T
2022/10/06/18:51:11.045077,0,82271,0,GPS1_Frame,42.338263999999995,-71.08651016666666,27.4,328114.7864325545,4689442.781821734,4,19,T
2022/10/06/18:51:12.021405,0,82272,0,GPS1_Frame,42.338263999999995,-71.08651016666666,27.4,328114.7864325545,4689442.781821734,4,19,T
2022/10/06/18:51:13.046269,0,82273,0,GPS1_Frame,42.338263999999995,-71.08651016666666,27.4,328114.7864325545,4689442.781821734,4,19,T
2022/10/06/18:51:14.023411,0,82274,0,GPS1_Frame,42.338263999999995,-71.08651016666666,27.4,328114.7864325545,4689442.781821734,4,19,T
2022/10/06/18:51:15.046240,0,82275,0,GPS1_Frame,42.338263999999995,-71.08651016666666,27.4,328114.7864325545,4689442.781821734,4,19,T
2022/10/06/18:51:16.023870,0,82276,0,GPS1_Frame,42.338263999999995,-71.08651016666666,27.4,328114.7864325545,4689442.781821734,4,19,T
2022/10/06/18:51:17.045655,0,82277,0,GPS1_Frame,42.338263999999995,-71.08651016666666,27.4,328114.7864325545,4689442.781821734,4,19,T
2022/10/06/18:51:18.022350,0,82278,0,GPS1_Frame,42.338263999999995,-71.08651,27.4,328114.8001630078,4689442.781484822,4,19,T
2022/10/06/18:51:19.045165,0,82279,0,GPS1_Frame,42.338264166666676,-71.08651016666666,27.4,328114.7868866741,4689442.800328799,4,19,T
2022/10/06/18:51:20.022161,0,82280,0,GPS1_Frame,42.338263999999995,-71.08651016666666,27.4,328114.7864325545,4689442.781821734,4,19,T
2022/10/06/18:51:21.044748,0,82281,0,GPS1_Frame,42.338263999999995,-71.08651016666666,27.4,328114.7864325545,4689442.781821734,4,19,T
2022/10/06/18:51:22.022597,0,82282,0,GPS1_Frame,42.338263999999995,-71.08651016666666,27.4,328114.7864325545,4689442.781821734,4,19,T
2022/10/06/18:51:23.044447,0,82283,0,GPS1_Frame,42.338263999999995,-71.08651016666666,27.4,328114.7864325545,4689442.781821734,4,19,T
2022/10/06/18:51:24.022219,0,82284,0,GPS1_Frame,42.338263999999995,-71.08651016666666,27.4,328114.7864325545,4689442.781821734,4,19,T
2022/10/06/18:51:25.043780,0,82285,0,GPS1_Frame,42.338263999999995,-71.08651016666666,27.4,328114.7864325545,4689442.781821734,4,19,T
2022/10/06/18:51:26.020775,0,82286,0,GPS1_Frame,42.338263999999995,-71.08651016666666,27.4,328114.7864325545,4689442.781821734,4,19,T
2022/10/06/18:51:27.044387,0,82287,0,GPS1_Frame,42.338263999999995,-71.08651016666666,27.4,328114.7864325545,4689442.781821734,4,19,T
2022/10/06/18:51:28.019926,0,82288,0,GPS1_Frame,42.338263999999995,-71.08651016666666,27.4,328114.7864325545,4689442.781821734,4,19,T
2022/10/06/18:51:29.039179,0,82289,0,GPS1_Frame,42.338263999999995,-71.08651016666666,27.4,328114.7864325545,4689442.781821734,4,19,T
2022/10/06/18:51:30.021556,0,82290,0,GPS1_Frame,42.338263999999995,-71.08651016666666,27.4,328114.7864325545,4689442.781821734,4,19,T
2022/10/06/18:51:31.046689,0,82291,0,GPS1_Frame,42.338263999999995,-71.08651016666666,27.4,328114.7864325545,4689442.781821734,4,19,T
2022/10/06/18:51:32.023855,0,82292,0,GPS1_Frame,42.338263999999995,-71.08651016666666,27.4,328114.7864325545,4689442.781821734,4,19,T
2022/10/06/18:51:33.044272,0,82293,0,GPS1_Frame,42.338263999999995,-71.08651016666666,27.4,328114.7864325545,4689442.781821734,4,19,T
2022/10/06/18:51:34.022894,0,82294,0,GPS1_Frame,42.338263999999995,-71.08651016666666,27.4,328114.7864325545,4689442.781821734,4,19,T
2022/10/06/18:51:35.047165,0,82295,0,GPS1_Frame,42.338263999999995,-71.08651016666666,27.4,328114.7864325545,4689442.781821734,4,19,T
2022/10/06/18:51:36.024597,0,82296,0,GPS1_Frame,42.338263999999995,-71.08651016666666,27.4,328114.7864325545,4689442.781821734,4,19,T
2022/10/06/18:51:37.045767,0,82297,0,GPS1_Frame,42.338263999999995,-71.08651016666666,27.4,328114.7864325545,4689442.781821734,4,19,T
2022/10/06/18:51:38.020369,0,82298,0,GPS1_Frame,42.338263999999995,-71.08651016666666,27.4,328114.7864325545,4689442.781821734,4,19,T
2022/10/06/18:51:39.044614,0,82299,0,GPS1_Frame,42.338263999999995,-71.08651016666666,27.4,328114.7864325545,4689442.781821734,4,19,T
2022/10/06/18:51:40.020278,0,82300,0,GPS1_Frame,42.338263999999995,-71.08651016666666,27.4,328114.7864325545,4689442.781821734,4,19,T
2022/10/06/18:51:41.045614,0,82301,0,GPS1_Frame,42.338263999999995,-71.08651016666666,27.4,328114.7864325545,4689442.781821734,4,19,T
2022/10/06/18:51:42.021576,0,82302,0,GPS1_Frame,42.338263999999995,-71.08651016666666,27.4,328114.7864325545,4689442.781821734,4,19,T
2022/10/06/18:51:43.046329,0,82303,0,GPS1_Frame,42.338263999999995,-71.08651016666666,27.4,328114.7864325545,4689442.781821734,4,19,T
2022/10/06/18:51:44.022220,0,82304,0,GPS1_Frame,42.338263999999995,-71.08651016666666,27.4,328114.7864325545,4689442.781821734,4,19,T
2022/10/06/18:51:45.046451,0,82305,0,GPS1_Frame,42.338263999999995,-71.08651016666666,27.4,328114.7864325545,4689442.781821734,4,19,T
2022/10/06/18:51:46.022205,0,82306,0,GPS1_Frame,42.338263999999995,-71.08651016666666,27.4,328114.7864325545,4689442.781821734,4,19,T
2022/10/06/18:51:47.042246,0,82307,0,GPS1_Frame,42.338263999999995,-71.08651016666666,27.4,328114.7864325545,4689442.781821734,4,19,T
2022/10/06/18:51:48.022024,0,82308,0,GPS1_Frame,42.338263999999995,-71.08651016666666,27.4,328114.7864325545,4689442.781821734,4,19,T
2022/10/06/18:51:49.045269,0,82309,0,GPS1_Frame,42.338263999999995,-71.08651016666666,27.4,328114.7864325545,4689442.781821734,4,19,T
2022/10/06/18:51:50.021069,0,82310,0,GPS1_Frame,42.338263999999995,-71.08651016666666,27.4,328114.7864325545,4689442.781821734,4,19,T
2022/10/06/18:51:51.048639,0,82311,0,GPS1_Frame,42.338263999999995,-71.08651016666666,27.4,328114.7864325545,4689442.781821734,4,19,T
2022/10/06/18:51:52.021669,0,82312,0,GPS1_Frame,42.338263999999995,-71.08651016666666,27.4,328114.7864325545,4689442.781821734,4,19,T
2022/10/06/18:51:53.043677,0,82313,0,GPS1_Frame,42.338263999999995,-71.08651016666666,27.4,328114.7864325545,4689442.781821734,4,19,T
2022/10/06/18:51:54.023275,0,82314,0,GPS1_Frame,42.338263999999995,-71.08651016666666,27.4,328114.7864325545,4689442.781821734,4,19,T
2022/10/06/18:51:55.045572,0,82315,0,GPS1_Frame,42.338263999999995,-71.08651016666666,27.4,328114.7864325545,4689442.781821734,4,19,T
2022/10/06/18:51:56.020327,0,82316,0,GPS1_Frame,42.338263999999995,-71.08651016666666,27.4,328114.7864325545,4689442.781821734,4,19,T
2022/10/06/18:51:57.042395,0,82317,0,GPS1_Frame,42.338263999999995,-71.08651016666666,27.4,328114.7864325545,4689442.781821734,4,19,T
2022/10/06/18:51:58.021101,0,82318,0,GPS1_Frame,42.338263999999995,-71.08651016666666,27.4,328114.7864325545,4689442.781821734,4,19,T
2022/10/06/18:51:59.046505,0,82319,0,GPS1_Frame,42.338263999999995,-71.08651016666666,27.4,328114.7864325545,4689442.781821734,4,19,T
2022/10/06/18:52:00.019428,0,82320,0,GPS1_Frame,42.338263999999995,-71.08651016666666,27.4,328114.7864325545,4689442.781821734,4,19,T
2022/10/06/18:52:01.041765,0,82321,0,GPS1_Frame,42.338263999999995,-71.08651016666666,27.4,328114.7864325545,4689442.781821734,4,19,T
2022/10/06/18:52:02.018599,0,82322,0,GPS1_Frame,42.338263999999995,-71.08651016666666,27.4,328114.7864325545,4689442.781821734,4,19,T
2022/10/06/18:52:03.046601,0,82323,0,GPS1_Frame,42.338263999999995,-71.08651016666666,27.4,328114.7864325545,4689442.781821734,4,19,T
2022/10/06/18:52:04.022440,0,82324,0,GPS1_Frame,42.338263999999995,-71.08651,27.4,328114.8001630078,4689442.781484822,4,19,T
2022/10/06/18:52:05.043579,0,82325,0,GPS1_Frame,42.338263999999995,-71.08651016666666,27.4,328114.7864325545,4689442.781821734,4,19,T
2022/10/06/18:52:06.021348,0,82326,0,GPS1_Frame,42.338263999999995,-71.08651016666666,27.4,328114.7864325545,4689442.781821734,4,19,T
2022/10/06/18:52:07.040184,0,82327,0,GPS1_Frame,42.338263999999995,-71.08651016666666,27.4,328114.7864325545,4689442.781821734,4,19,T
2022/10/06/18:52:08.023078,0,82328,0,GPS1_Frame,42.338263999999995,-71.08651016666666,27.4,328114.7864325545,4689442.781821734,4,19,T
2022/10/06/18:52:09.048795,0,82329,0,GPS1_Frame,42.338263999999995,-71.08651016666666,27.4,328114.7864325545,4689442.781821734,4,19,T
2022/10/06/18:52:10.022140,0,82330,0,GPS1_Frame,42.338263999999995,-71.08651,27.4,328114.8001630078,4689442.781484822,4,19,T
2022/10/06/18:52:11.045087,0,82331,0,GPS1_Frame,42.338263999999995,-71.08651016666666,27.4,328114.7864325545,4689442.781821734,4,19,T
2022/10/06/18:52:12.019607,0,82332,0,GPS1_Frame,42.338263999999995,-71.08651016666666,27.4,328114.7864325545,4689442.781821734,4,19,T
2022/10/06/18:52:13.038989,0,82333,0,GPS1_Frame,42.338263999999995,-71.08651016666666,27.4,328114.7864325545,4689442.781821734,4,19,T
2022/10/06/18:52:14.018840,0,82334,0,GPS1_Frame,42.338263999999995,-71.08651016666666,27.4,328114.7864325545,4689442.781821734,4,19,T
2022/10/06/18:52:15.045281,0,82335,0,GPS1_Frame,42.338263999999995,-71.08651,27.4,328114.8001630078,4689442.781484822,4,19,T
2022/10/06/18:52:16.020551,0,82336,0,GPS1_Frame,42.338263999999995,-71.08651016666666,27.4,328114.7864325545,4689442.781821734,4,19,T
2022/10/06/18:52:17.045718,0,82337,0,GPS1_Frame,42.338263999999995,-71.08651016666666,27.4,328114.7864325545,4689442.781821734,4,19,T
2022/10/06/18:52:18.023332,0,82338,0,GPS1_Frame,42.338263999999995,-71.08651,27.4,328114.8001630078,4689442.781484822,4,19,T
2022/10/06/18:52:19.049151,0,82339,0,GPS1_Frame,42.338263999999995,-71.08651,27.4,328114.8001630078,4689442.781484822,4,19,T
2022/10/06/18:52:20.021991,0,82340,0,GPS1_Frame,42.338263999999995,-71.08651016666666,27.4,328114.7864325545,4689442.781821734,4,19,T
2022/10/06/18:52:21.046375,0,82341,0,GPS1_Frame,42.338263999999995,-71.08651,27.4,328114.8001630078,4689442.781484822,4,19,T
2022/10/06/18:52:22.022268,0,82342,0,GPS1_Frame,42.338263999999995,-71.08651,27.4,328114.8001630078,4689442.781484822,4,19,T
2022/10/06/18:52:23.043391,0,82343,0,GPS1_Frame,42.338263999999995,-71.08651016666666,27.4,328114.7864325545,4689442.781821734,4,19,T
2022/10/06/18:52:24.021807,0,82344,0,GPS1_Frame,42.338263999999995,-71.08651016666666,27.4,328114.7864325545,4689442.781821734,4,19,T
2022/10/06/18:52:25.045012,0,82345,0,GPS1_Frame,42.338263999999995,-71.08651016666666,27.4,328114.7864325545,4689442.781821734,4,19,T
2022/10/06/18:52:26.021733,0,82346,0,GPS1_Frame,42.338263999999995,-71.08651016666666,27.4,328114.7864325545,4689442.781821734,4,19,T
2022/10/06/18:52:27.047998,0,82347,0,GPS1_Frame,42.338263999999995,-71.08651,27.4,328114.8001630078,4689442.781484822,4,19,T
2022/10/06/18:52:28.022934,0,82348,0,GPS1_Frame,42.338263999999995,-71.08651016666666,27.4,328114.7864325545,4689442.781821734,4,19,T
2022/10/06/18:52:29.043376,0,82349,0,GPS1_Frame,42.338263999999995,-71.08651016666666,27.4,328114.7864325545,4689442.781821734,4,19,T
2022/10/06/18:52:30.020582,0,82350,0,GPS1_Frame,42.338263999999995,-71.08651016666666,27.4,328114.7864325545,4689442.781821734,4,19,T
2022/10/06/18:52:31.044254,0,82351,0,GPS1_Frame,42.338263999999995,-71.08651016666666,27.4,328114.7864325545,4689442.781821734,4,19,T
2022/10/06/18:52:32.018379,0,82352,0,GPS1_Frame,42.338263999999995,-71.08651016666666,27.4,328114.7864325545,4689442.781821734,4,19,T
2022/10/06/18:52:33.042872,0,82353,0,GPS1_Frame,42.338263999999995,-71.08651,27.4,328114.8001630078,4689442.781484822,4,19,T
2022/10/06/18:52:34.021789,0,82354,0,GPS1_Frame,42.338263999999995,-71.08651,27.4,328114.8001630078,4689442.781484822,4,19,T
2022/10/06/18:52:35.036646,0,82355,0,GPS1_Frame,42.338263999999995,-71.08651,27.4,328114.8001630078,4689442.781484822,4,19,T
2022/10/06/18:52:36.021426,0,82356,0,GPS1_Frame,42.338263999999995,-71.08651,27.4,328114.8001630078,4689442.781484822,4,19,T
2022/10/06/18:52:37.045765,0,82357,0,GPS1_Frame,42.338263999999995,-71.08651,27.4,328114.8001630078,4689442.781484822,4,19,T
2022/10/06/18:52:38.021547,0,82358,0,GPS1_Frame,42.338263999999995,-71.08651016666666,27.4,328114.7864325545,4689442.781821734,4,19,T
2022/10/06/18:52:39.046997,0,82359,0,GPS1_Frame,42.338263999999995,-71.08651,27.4,328114.8001630078,4689442.781484822,4,19,T
2022/10/06/18:52:40.022608,0,82360,0,GPS1_Frame,42.338263999999995,-71.08651,27.4,328114.8001630078,4689442.781484822,4,19,T
2022/10/06/18:52:41.032623,0,82361,0,GPS1_Frame,42.338263999999995,-71.08651,27.4,328114.8001630078,4689442.781484822,4,19,T
2022/10/06/18:52:42.019388,0,82362,0,GPS1_Frame,42.338263999999995,-71.08651016666666,27.4,328114.7864325545,4689442.781821734,4,19,T
2022/10/06/18:52:43.045950,0,82363,0,GPS1_Frame,42.338263999999995,-71.08651,27.4,328114.8001630078,4689442.781484822,4,19,T
2022/10/06/18:52:44.022190,0,82364,0,GPS1_Frame,42.338263999999995,-71.08651,27.4,328114.8001630078,4689442.781484822,4,19,T
2022/10/06/18:52:45.040211,0,82365,0,GPS1_Frame,42.338263999999995,-71.08651,27.4,328114.8001630078,4689442.781484822,4,19,T
2022/10/06/18:52:46.020531,0,82366,0,GPS1_Frame,42.338263999999995,-71.08651,27.4,328114.8001630078,4689442.781484822,4,19,T
2022/10/06/18:52:47.043568,0,82367,0,GPS1_Frame,42.338263999999995,-71.08651,27.4,328114.8001630078,4689442.781484822,4,19,T
2022/10/06/18:52:48.020648,0,82368,0,GPS1_Frame,42.338263999999995,-71.08651,27.4,328114.8001630078,4689442.781484822,4,19,T
2022/10/06/18:52:49.044357,0,82369,0,GPS1_Frame,42.338263999999995,-71.08651,27.4,328114.8001630078,4689442.781484822,4,19,T
2022/10/06/18:52:50.019351,0,82370,0,GPS1_Frame,42.338264166666676,-71.08651,27.4,328114.80061712745,4689442.799991886,4,19,T
2022/10/06/18:52:51.043372,0,82371,0,GPS1_Frame,42.338263999999995,-71.08651,27.4,328114.8001630078,4689442.781484822,4,19,T
2022/10/06/18:52:52.020930,0,82372,0,GPS1_Frame,42.338263999999995,-71.08651,27.4,328114.8001630078,4689442.781484822,4,19,T
2022/10/06/18:52:53.047062,0,82373,0,GPS1_Frame,42.338263999999995,-71.08651,27.4,328114.8001630078,4689442.781484822,4,19,T
2022/10/06/18:52:54.025560,0,82374,0,GPS1_Frame,42.338263999999995,-71.08651,27.4,328114.8001630078,4689442.781484822,4,19,T
2022/10/06/18:52:55.040784,0,82375,0,GPS1_Frame,42.338264166666676,-71.08651,27.4,328114.80061712745,4689442.799991886,4,19,T
2022/10/06/18:52:56.020305,0,82376,0,GPS1_Frame,42.338263999999995,-71.08651016666666,27.4,328114.7864325545,4689442.781821734,4,19,T
2022/10/06/18:52:57.041275,0,82377,0,GPS1_Frame,42.338263999999995,-71.08651016666666,27.4,328114.7864325545,4689442.781821734,4,19,T
2022/10/06/18:52:58.019705,0,82378,0,GPS1_Frame,42.338263999999995,-71.08651,27.4,328114.8001630078,4689442.781484822,4,19,T
2022/10/06/18:52:59.041504,0,82379,0,GPS1_Frame,42.338263999999995,-71.08651,27.4,328114.8001630078,4689442.781484822,4,19,T
2022/10/06/18:53:00.015131,0,82380,0,GPS1_Frame,42.338263999999995,-71.08651,27.4,328114.8001630078,4689442.781484822,4,19,T
2022/10/06/18:53:01.045026,0,82381,0,GPS1_Frame,42.338263999999995,-71.08651,27.4,328114.8001630078,4689442.781484822,4,19,T
2022/10/06/18:53:02.020756,0,82382,0,GPS1_Frame,42.338263999999995,-71.08651,27.4,328114.8001630078,4689442.781484822,4,19,T
2022/10/06/18:53:03.044634,0,82383,0,GPS1_Frame,42.338263999999995,-71.08651,27.4,328114.8001630078,4689442.781484822,4,19,T
2022/10/06/18:53:04.018879,0,82384,0,GPS1_Frame,42.338263999999995,-71.08651,27.4,328114.8001630078,4689442.781484822,4,19,T
2022/10/06/18:53:05.045231,0,82385,0,GPS1_Frame,42.338263999999995,-71.08651016666666,27.4,328114.7864325545,4689442.781821734,4,19,T
2022/10/06/18:53:06.020741,0,82386,0,GPS1_Frame,42.338263999999995,-71.08651016666666,27.4,328114.7864325545,4689442.781821734,4,19,T
2022/10/06/18:53:07.046555,0,82387,0,GPS1_Frame,42.338263999999995,-71.08651,27.4,328114.8001630078,4689442.781484822,4,19,T
2022/10/06/18:53:08.018818,0,82388,0,GPS1_Frame,42.338263999999995,-71.08651,27.4,328114.8001630078,4689442.781484822,4,19,T
2022/10/06/18:53:09.041394,0,82389,0,GPS1_Frame,42.338263999999995,-71.08651016666666,27.4,328114.7864325545,4689442.781821734,4,19,T
2022/10/06/18:53:10.020333,0,82390,0,GPS1_Frame,42.338263999999995,-71.08651016666666,27.4,328114.7864325545,4689442.781821734,4,19,T
2022/10/06/18:53:11.043547,0,82391,0,GPS1_Frame,42.338263999999995,-71.08651016666666,27.4,328114.7864325545,4689442.781821734,4,19,T
2022/10/06/18:53:12.020047,0,82392,0,GPS1_Frame,42.338263999999995,-71.08651016666666,27.4,328114.7864325545,4689442.781821734,4,19,T
2022/10/06/18:53:13.043427,0,82393,0,GPS1_Frame,42.338263999999995,-71.08651,27.4,328114.8001630078,4689442.781484822,4,19,T
2022/10/06/18:53:14.019258,0,82394,0,GPS1_Frame,42.338263999999995,-71.08651,27.4,328114.8001630078,4689442.781484822,4,19,T
2022/10/06/18:53:15.044776,0,82395,0,GPS1_Frame,42.338263999999995,-71.08651016666666,27.4,328114.7864325545,4689442.781821734,4,19,T
2022/10/06/18:53:16.019816,0,82396,0,GPS1_Frame,42.338263999999995,-71.08651016666666,27.4,328114.7864325545,4689442.781821734,4,19,T
2022/10/06/18:53:17.042087,0,82397,0,GPS1_Frame,42.338263833333336,-71.08651033333334,27.4,328114.7722479814,4689442.763651584,4,19,T
2022/10/06/18:53:18.015265,0,82398,0,GPS1_Frame,42.338263999999995,-71.08651016666666,27.4,328114.7864325545,4689442.781821734,4,19,T
2022/10/06/18:53:19.042500,0,82399,0,GPS1_Frame,42.338264166666676,-71.08651016666666,27.4,328114.7868866741,4689442.800328799,4,19,T
2022/10/06/18:53:20.019805,0,82400,0,GPS1_Frame,42.338263999999995,-71.08651016666666,27.4,328114.7864325545,4689442.781821734,4,19,T
2022/10/06/18:53:21.043679,0,82401,0,GPS1_Frame,42.338263999999995,-71.08651016666666,27.4,328114.7864325545,4689442.781821734,4,19,T
2022/10/06/18:53:22.016880,0,82402,0,GPS1_Frame,42.338263999999995,-71.08651016666666,27.4,328114.7864325545,4689442.781821734,4,19,T
2022/10/06/18:53:23.045630,0,82403,0,GPS1_Frame,42.338263999999995,-71.08651016666666,27.4,328114.7864325545,4689442.781821734,4,19,T
2022/10/06/18:53:24.019681,0,82404,0,GPS1_Frame,42.338263999999995,-71.08651016666666,27.4,328114.7864325545,4689442.781821734,4,19,T
2022/10/06/18:53:25.042997,0,82405,0,GPS1_Frame,42.338263999999995,-71.08651016666666,27.4,328114.7864325545,4689442.781821734,4,19,T
2022/10/06/18:53:26.018399,0,82406,0,GPS1_Frame,42.338263999999995,-71.08651016666666,27.4,328114.7864325545,4689442.781821734,4,19,T
2022/10/06/18:53:27.042571,0,82407,0,GPS1_Frame,42.338263999999995,-71.08651016666666,27.4,328114.7864325545,4689442.781821734,4,19,T
2022/10/06/18:53:28.019653,0,82408,0,GPS1_Frame,42.338263999999995,-71.08651016666666,27.4,328114.7864325545,4689442.781821734,4,19,T
2022/10/06/18:53:29.035037,0,82409,0,GPS1_Frame,42.338263999999995,-71.08651016666666,27.4,328114.7864325545,4689442.781821734,4,19,T
2022/10/06/18:53:30.019007,0,82410,0,GPS1_Frame,42.338264166666676,-71.08651,27.4,328114.80061712745,4689442.799991886,4,19,T
2022/10/06/18:53:31.042576,0,82411,0,GPS1_Frame,42.338264166666676,-71.08651,27.4,328114.80061712745,4689442.799991886,4,19,T
2022/10/06/18:53:32.019464,0,82412,0,GPS1_Frame,42.338263999999995,-71.08651,27.4,328114.8001630078,4689442.781484822,4,19,T
2022/10/06/18:53:33.044267,0,82413,0,GPS1_Frame,42.338264166666676,-71.08651,27.4,328114.80061712745,4689442.799991886,4,19,T
2022/10/06/18:53:34.020766,0,82414,0,GPS1_Frame,42.338263999999995,-71.08651016666666,27.4,328114.7864325545,4689442.781821734,4,19,T
2022/10/06/18:53:35.038191,0,82415,0,GPS1_Frame,42.338263999999995,-71.08651016666666,27.4,328114.7864325545,4689442.781821734,4,19,T
2022/10/06/18:53:36.018971,0,82416,0,GPS1_Frame,42.338263999999995,-71.08651,27.4,328114.8001630078,4689442.781484822,4,19,T
2022/10/06/18:53:37.044453,0,82417,0,GPS1_Frame,42.338263999999995,-71.08651016666666,27.4,328114.7864325545,4689442.781821734,4,19,T
2022/10/06/18:53:38.020121,0,82418,0,GPS1_Frame,42.338263999999995,-71.08651016666666,27.4,328114.7864325545,4689442.781821734,4,19,T
2022/10/06/18:53:39.044374,0,82419,0,GPS1_Frame,42.338263999999995,-71.08651016666666,27.4,328114.7864325545,4689442.781821734,4,19,T
2022/10/06/18:53:40.018870,0,82420,0,GPS1_Frame,42.338263999999995,-71.08651016666666,27.4,328114.7864325545,4689442.781821734,4,19,T
2022/10/06/18:53:41.043620,0,82421,0,GPS1_Frame,42.338263999999995,-71.08651,27.4,328114.8001630078,4689442.781484822,4,19,T
2022/10/06/18:53:42.019226,0,82422,0,GPS1_Frame,42.338263999999995,-71.08651,27.4,328114.8001630078,4689442.781484822,4,19,T
2022/10/06/18:53:43.045135,0,82423,0,GPS1_Frame,42.338263999999995,-71.08651,27.4,328114.8001630078,4689442.781484822,4,19,T
2022/10/06/18:53:44.018524,0,82424,0,GPS1_Frame,42.338263999999995,-71.08651,27.4,328114.8001630078,4689442.781484822,4,19,T
2022/10/06/18:53:45.044525,0,82425,0,GPS1_Frame,42.338264166666676,-71.08651,27.4,328114.80061712745,4689442.799991886,4,19,T
2022/10/06/18:53:46.020306,0,82426,0,GPS1_Frame,42.338263999999995,-71.08651,27.4,328114.8001630078,4689442.781484822,4,19,T
2022/10/06/18:53:47.042461,0,82427,0,GPS1_Frame,42.338263999999995,-71.08651,27.4,328114.8001630078,4689442.781484822,4,19,T
2022/10/06/18:53:48.020101,0,82428,0,GPS1_Frame,42.338263999999995,-71.08651,27.4,328114.8001630078,4689442.781484822,4,19,T
2022/10/06/18:53:49.043982,0,82429,0,GPS1_Frame,42.338263999999995,-71.08651,27.4,328114.8001630078,4689442.781484822,4,19,T
2022/10/06/18:53:50.018795,0,82430,0,GPS1_Frame,42.338263999999995,-71.08651,27.4,328114.8001630078,4689442.781484822,4,19,T
2022/10/06/18:53:51.037519,0,82431,0,GPS1_Frame,42.338263999999995,-71.08651016666666,27.4,328114.7864325545,4689442.781821734,4,19,T
2022/10/06/18:53:52.019153,0,82432,0,GPS1_Frame,42.338263999999995,-71.08651016666666,27.4,328114.7864325545,4689442.781821734,4,19,T
2022/10/06/18:53:53.039262,0,82433,0,GPS1_Frame,42.338263999999995,-71.08651,27.4,328114.8001630078,4689442.781484822,4,19,T
2022/10/06/18:53:54.016277,0,82434,0,GPS1_Frame,42.338263999999995,-71.08651,27.4,328114.8001630078,4689442.781484822,4,19,T
2022/10/06/18:53:55.044187,0,82435,0,GPS1_Frame,42.338263999999995,-71.08651016666666,27.4,328114.7864325545,4689442.781821734,4,19,T
2022/10/06/18:53:56.019767,0,82436,0,GPS1_Frame,42.338263999999995,-71.08651016666666,27.4,328114.7864325545,4689442.781821734,4,19,T
2022/10/06/18:53:57.043425,0,82437,0,GPS1_Frame,42.338263999999995,-71.08651016666666,27.4,328114.7864325545,4689442.781821734,4,19,T
2022/10/06/18:53:58.017632,0,82438,0,GPS1_Frame,42.338263999999995,-71.08651,27.4,328114.8001630078,4689442.781484822,4,19,T
2022/10/06/18:53:59.041824,0,82439,0,GPS1_Frame,42.338263999999995,-71.08651016666666,27.4,328114.7864325545,4689442.781821734,4,19,T
2022/10/06/18:54:00.015985,0,82440,0,GPS1_Frame,42.338263999999995,-71.08651016666666,27.4,328114.7864325545,4689442.781821734,4,19,T
2022/10/06/18:54:01.043477,0,82441,0,GPS1_Frame,42.338263999999995,-71.08651016666666,27.4,328114.7864325545,4689442.781821734,4,19,T
2022/10/06/18:54:02.017525,0,82442,0,GPS1_Frame,42.338263999999995,-71.08651016666666,27.4,328114.7864325545,4689442.781821734,4,19,T
2022/10/06/18:54:03.041901,0,82443,0,GPS1_Frame,42.338263999999995,-71.08651016666666,27.4,328114.7864325545,4689442.781821734,4,19,T
2022/10/06/18:54:04.018471,0,82444,0,GPS1_Frame,42.338263999999995,-71.08651,27.4,328114.8001630078,4689442.781484822,4,19,T
2022/10/06/18:54:05.041904,0,82445,0,GPS1_Frame,42.338263999999995,-71.08651,27.4,328114.8001630078,4689442.781484822,4,19,T
2022/10/06/18:54:06.019887,0,82446,0,GPS1_Frame,42.338263999999995,-71.08651016666666,27.4,328114.7864325545,4689442.781821734,4,19,T
2022/10/06/18:54:07.042834,0,82447,0,GPS1_Frame,42.338263999999995,-71.08651,27.4,328114.8001630078,4689442.781484822,4,19,T
2022/10/06/18:54:08.018401,0,82448,0,GPS1_Frame,42.338263999999995,-71.08651,27.4,328114.8001630078,4689442.781484822,4,19,T
2022/10/06/18:54:09.044040,0,82449,0,GPS1_Frame,42.338263999999995,-71.08651,27.4,328114.8001630078,4689442.781484822,4,19,T
2022/10/06/18:54:10.017437,0,82450,0,GPS1_Frame,42.338263999999995,-71.08651,27.4,328114.8001630078,4689442.781484822,4,19,T
2022/10/06/18:54:11.039280,0,82451,0,GPS1_Frame,42.338263999999995,-71.08651,27.4,328114.8001630078,4689442.781484822,4,19,T
2022/10/06/18:54:12.016229,0,82452,0,GPS1_Frame,42.338263999999995,-71.08651,27.4,328114.8001630078,4689442.781484822,4,19,T
2022/10/06/18:54:13.041521,0,82453,0,GPS1_Frame,42.338263999999995,-71.08651,27.4,328114.8001630078,4689442.781484822,4,19,T
2022/10/06/18:54:14.018017,0,82454,0,GPS1_Frame,42.338263999999995,-71.08651,27.4,328114.8001630078,4689442.781484822,4,19,T
2022/10/06/18:54:15.045153,0,82455,0,GPS1_Frame,42.338263999999995,-71.08651016666666,27.4,328114.7864325545,4689442.781821734,4,19,T
2022/10/06/18:54:16.017031,0,82456,0,GPS1_Frame,42.338263999999995,-71.08651016666666,27.4,328114.7864325545,4689442.781821734,4,19,T
2022/10/06/18:54:17.042783,0,82457,0,GPS1_Frame,42.338263999999995,-71.08651,27.4,328114.8001630078,4689442.781484822,4,19,T
2022/10/06/18:54:18.016963,0,82458,0,GPS1_Frame,42.338263999999995,-71.08651,27.4,328114.8001630078,4689442.781484822,4,19,T
2022/10/06/18:54:19.043144,0,82459,0,GPS1_Frame,42.338263999999995,-71.08651,27.4,328114.8001630078,4689442.781484822,4,19,T
2022/10/06/18:54:20.016539,0,82460,0,GPS1_Frame,42.338263999999995,-71.08651,27.4,328114.8001630078,4689442.781484822,4,19,T
2022/10/06/18:54:21.042100,0,82461,0,GPS1_Frame,42.338263999999995,-71.08651016666666,27.4,328114.7864325545,4689442.781821734,4,19,T
2022/10/06/18:54:22.017720,0,82462,0,GPS1_Frame,42.338263999999995,-71.08651,27.4,328114.8001630078,4689442.781484822,4,19,T
2022/10/06/18:54:23.042370,0,82463,0,GPS1_Frame,42.338263999999995,-71.08651,27.4,328114.8001630078,4689442.781484822,4,19,T
2022/10/06/18:54:24.018484,0,82464,0,GPS1_Frame,42.338263999999995,-71.08651,27.4,328114.8001630078,4689442.781484822,4,19,T
2022/10/06/18:54:25.042119,0,82465,0,GPS1_Frame,42.338263999999995,-71.08651,27.4,328114.8001630078,4689442.781484822,4,19,T
2022/10/06/18:54:26.020738,0,82466,0,GPS1_Frame,42.338263999999995,-71.08651,27.4,328114.8001630078,4689442.781484822,4,19,T
2022/10/06/18:54:27.044980,0,82467,0,GPS1_Frame,42.338263999999995,-71.08651,27.4,328114.8001630078,4689442.781484822,4,19,T
2022/10/06/18:54:28.017955,0,82468,0,GPS1_Frame,42.338263999999995,-71.08651,27.4,328114.8001630078,4689442.781484822,4,19,T
2022/10/06/18:54:29.040843,0,82469,0,GPS1_Frame,42.338263999999995,-71.08651016666666,27.4,328114.7864325545,4689442.781821734,4,19,T
2022/10/06/18:54:30.014189,0,82470,0,GPS1_Frame,42.338263999999995,-71.08651,27.4,328114.8001630078,4689442.781484822,4,19,T
2022/10/06/18:54:31.042466,0,82471,0,GPS1_Frame,42.338263999999995,-71.08651,27.4,328114.8001630078,4689442.781484822,4,19,T
2022/10/06/18:54:32.018042,0,82472,0,GPS1_Frame,42.338263999999995,-71.08651016666666,27.4,328114.7864325545,4689442.781821734,4,19,T
2022/10/06/18:54:33.042827,0,82473,0,GPS1_Frame,42.338263999999995,-71.08651016666666,27.4,328114.7864325545,4689442.781821734,4,19,T
2022/10/06/18:54:34.017560,0,82474,0,GPS1_Frame,42.338263999999995,-71.08651,27.4,328114.8001630078,4689442.781484822,4,19,T
2022/10/06/18:54:35.044642,0,82475,0,GPS1_Frame,42.338263999999995,-71.08651,27.4,328114.8001630078,4689442.781484822,4,19,T
2022/10/06/18:54:36.018172,0,82476,0,GPS1_Frame,42.338263999999995,-71.08651,27.4,328114.8001630078,4689442.781484822,4,19,T
2022/10/06/18:54:37.042762,0,82477,0,GPS1_Frame,42.338263999999995,-71.08651,27.4,328114.8001630078,4689442.781484822,4,19,T
2022/10/06/18:54:38.016342,0,82478,0,GPS1_Frame,42.338263999999995,-71.08651,27.4,328114.8001630078,4689442.781484822,4,19,T
2022/10/06/18:54:39.041133,0,82479,0,GPS1_Frame,42.338263999999995,-71.08651,27.4,328114.8001630078,4689442.781484822,4,19,T
2022/10/06/18:54:40.017566,0,82480,0,GPS1_Frame,42.338263999999995,-71.08651,27.4,328114.8001630078,4689442.781484822,4,19,T
2022/10/06/18:54:41.041909,0,82481,0,GPS1_Frame,42.338263999999995,-71.08651,27.4,328114.8001630078,4689442.781484822,4,19,T
2022/10/06/18:54:42.018239,0,82482,0,GPS1_Frame,42.338263999999995,-71.08651,27.4,328114.8001630078,4689442.781484822,4,19,T
2022/10/06/18:54:43.041709,0,82483,0,GPS1_Frame,42.338263999999995,-71.08651,27.4,328114.8001630078,4689442.781484822,4,19,T
2022/10/06/18:54:44.017944,0,82484,0,GPS1_Frame,42.338263999999995,-71.08651,27.4,328114.8001630078,4689442.781484822,4,19,T
2022/10/06/18:54:45.042366,0,82485,0,GPS1_Frame,42.338263999999995,-71.08651,27.4,328114.8001630078,4689442.781484822,4,19,T
2022/10/06/18:54:46.016351,0,82486,0,GPS1_Frame,42.338263999999995,-71.08651,27.4,328114.8001630078,4689442.781484822,4,19,T
2022/10/06/18:54:47.039443,0,82487,0,GPS1_Frame,42.338263999999995,-71.08651016666666,27.4,328114.7864325545,4689442.781821734,4,19,T
2022/10/06/18:54:48.014965,0,82488,0,GPS1_Frame,42.338263999999995,-71.08651,27.4,328114.8001630078,4689442.781484822,4,19,T
2022/10/06/18:54:49.042895,0,82489,0,GPS1_Frame,42.338263999999995,-71.08651016666666,27.4,328114.7864325545,4689442.781821734,4,19,T
2022/10/06/18:54:50.017163,0,82490,0,GPS1_Frame,42.338263999999995,-71.08651016666666,27.4,328114.7864325545,4689442.781821734,4,19,T
2022/10/06/18:54:51.043652,0,82491,0,GPS1_Frame,42.338263999999995,-71.08651,27.4,328114.8001630078,4689442.781484822,4,19,T
2022/10/06/18:54:52.016671,0,82492,0,GPS1_Frame,42.338263999999995,-71.08651,27.4,328114.8001630078,4689442.781484822,4,19,T
2022/10/06/18:54:53.041788,0,82493,0,GPS1_Frame,42.338263999999995,-71.08651,27.4,328114.8001630078,4689442.781484822,4,19,T
2022/10/06/18:54:54.017512,0,82494,0,GPS1_Frame,42.338263999999995,-71.08651,27.4,328114.8001630078,4689442.781484822,4,19,T
2022/10/06/18:54:55.041337,0,82495,0,GPS1_Frame,42.338263999999995,-71.08651,27.4,328114.8001630078,4689442.781484822,4,19,T
2022/10/06/18:54:56.017029,0,82496,0,GPS1_Frame,42.338263999999995,-71.08651016666666,27.4,328114.7864325545,4689442.781821734,4,19,T
2022/10/06/18:54:57.039396,0,82497,0,GPS1_Frame,42.338263999999995,-71.08651,27.4,328114.8001630078,4689442.781484822,4,19,T
2022/10/06/18:54:58.017370,0,82498,0,GPS1_Frame,42.338263999999995,-71.08651016666666,27.4,328114.7864325545,4689442.781821734,4,19,T
2022/10/06/18:54:59.040851,0,82499,0,GPS1_Frame,42.338263999999995,-71.08651,27.4,328114.8001630078,4689442.781484822,4,19,T
2022/10/06/18:55:00.013479,0,82500,0,GPS1_Frame,42.338263999999995,-71.08651,27.4,328114.8001630078,4689442.781484822,4,19,T
2022/10/06/18:55:01.041956,0,82501,0,GPS1_Frame,42.338263999999995,-71.08651,27.4,328114.8001630078,4689442.781484822,4,19,T
2022/10/06/18:55:02.016248,0,82502,0,GPS1_Frame,42.338263999999995,-71.08651,27.4,328114.8001630078,4689442.781484822,4,19,T
2022/10/06/18:55:03.043406,0,82503,0,GPS1_Frame,42.338263999999995,-71.08651,27.4,328114.8001630078,4689442.781484822,4,19,T
2022/10/06/18:55:04.017689,0,82504,0,GPS1_Frame,42.338263999999995,-71.08651,27.4,328114.8001630078,4689442.781484822,4,19,T
2022/10/06/18:55:05.035362,0,82505,0,GPS1_Frame,42.338263999999995,-71.08651,27.4,328114.8001630078,4689442.781484822,4,19,T
2022/10/06/18:55:06.013444,0,82506,0,GPS1_Frame,42.338263999999995,-71.08651,27.4,328114.8001630078,4689442.781484822,4,19,T
2022/10/06/18:55:07.040665,0,82507,0,GPS1_Frame,42.338263999999995,-71.08651,27.4,328114.8001630078,4689442.781484822,4,19,T
2022/10/06/18:55:08.016176,0,82508,0,GPS1_Frame,42.338263999999995,-71.08651,27.4,328114.8001630078,4689442.781484822,4,19,T
2022/10/06/18:55:09.042258,0,82509,0,GPS1_Frame,42.338263999999995,-71.08651,27.4,328114.8001630078,4689442.781484822,4,19,T
2022/10/06/18:55:10.016996,0,82510,0,GPS1_Frame,42.338263999999995,-71.08651,27.4,328114.8001630078,4689442.781484822,4,19,T
2022/10/06/18:55:11.041196,0,82511,0,GPS1_Frame,42.338263999999995,-71.08651,27.4,328114.8001630078,4689442.781484822,4,19,T
2022/10/06/18:55:12.016785,0,82512,0,GPS1_Frame,42.338263999999995,-71.08651,27.4,328114.8001630078,4689442.781484822,4,19,T
2022/10/06/18:55:13.040863,0,82513,0,GPS1_Frame,42.338263999999995,-71.08651,27.4,328114.8001630078,4689442.781484822,4,19,T
2022/10/06/18:55:14.016150,0,82514,0,GPS1_Frame,42.338263999999995,-71.08651,27.4,328114.8001630078,4689442.781484822,4,19,T
2022/10/06/18:55:15.038838,0,82515,0,GPS1_Frame,42.338263999999995,-71.08651,27.4,328114.8001630078,4689442.781484822,4,19,T
2022/10/06/18:55:16.016183,0,82516,0,GPS1_Frame,42.338263999999995,-71.08651,27.4,328114.8001630078,4689442.781484822,4,19,T
2022/10/06/18:55:17.039675,0,82517,0,GPS1_Frame,42.338263999999995,-71.08651,27.4,328114.8001630078,4689442.781484822,4,19,T
2022/10/06/18:55:18.012658,0,82518,0,GPS1_Frame,42.338263999999995,-71.08651,27.4,328114.8001630078,4689442.781484822,4,19,T
2022/10/06/18:55:19.043085,0,82519,0,GPS1_Frame,42.338263999999995,-71.08651,27.4,328114.8001630078,4689442.781484822,4,19,T
2022/10/06/18:55:20.017211,0,82520,0,GPS1_Frame,42.338263999999995,-71.08651,27.4,328114.8001630078,4689442.781484822,4,19,T
2022/10/06/18:55:21.040751,0,82521,0,GPS1_Frame,42.338263999999995,-71.08651,27.4,328114.8001630078,4689442.781484822,4,19,T
2022/10/06/18:55:22.017001,0,82522,0,GPS1_Frame,42.338263999999995,-71.08651,27.4,328114.8001630078,4689442.781484822,4,19,T
2022/10/06/18:55:23.037101,0,82523,0,GPS1_Frame,42.338263999999995,-71.08651,27.4,328114.8001630078,4689442.781484822,4,19,T
2022/10/06/18:55:24.015837,0,82524,0,GPS1_Frame,42.338263999999995,-71.08651,27.4,328114.8001630078,4689442.781484822,4,19,T
2022/10/06/18:55:25.040939,0,82525,0,GPS1_Frame,42.338263999999995,-71.08651,27.4,328114.8001630078,4689442.781484822,4,19,T
2022/10/06/18:55:26.015551,0,82526,0,GPS1_Frame,42.338264166666676,-71.08651,27.4,328114.80061712745,4689442.799991886,4,19,T
2022/10/06/18:55:27.039856,0,82527,0,GPS1_Frame,42.338263999999995,-71.08651016666666,27.4,328114.7864325545,4689442.781821734,4,19,T
2022/10/06/18:55:28.015922,0,82528,0,GPS1_Frame,42.338263999999995,-71.08651016666666,27.4,328114.7864325545,4689442.781821734,4,19,T
2022/10/06/18:55:29.039718,0,82529,0,GPS1_Frame,42.338263999999995,-71.08651,27.4,328114.8001630078,4689442.781484822,4,19,T
2022/10/06/18:55:30.015540,0,82530,0,GPS1_Frame,42.338263999999995,-71.08651,27.4,328114.8001630078,4689442.781484822,4,19,T
2022/10/06/18:55:31.039495,0,82531,0,GPS1_Frame,42.338263999999995,-71.08651,27.4,328114.8001630078,4689442.781484822,4,19,T
2022/10/06/18:55:32.015522,0,82532,0,GPS1_Frame,42.338263999999995,-71.08651,27.4,328114.8001630078,4689442.781484822,4,19,T
2022/10/06/18:55:33.039757,0,82533,0,GPS1_Frame,42.338263999999995,-71.08651,27.4,328114.8001630078,4689442.781484822,4,19,T
2022/10/06/18:55:34.011529,0,82534,0,GPS1_Frame,42.338263999999995,-71.08651,27.4,328114.8001630078,4689442.781484822,4,19,T
2022/10/06/18:55:35.039181,0,82535,0,GPS1_Frame,42.338263999999995,-71.08651,27.4,328114.8001630078,4689442.781484822,4,19,T
2022/10/06/18:55:36.016412,0,82536,0,GPS1_Frame,42.338263999999995,-71.08651,27.4,328114.8001630078,4689442.781484822,4,19,T
2022/10/06/18:55:37.040144,0,82537,0,GPS1_Frame,42.338263999999995,-71.08651,27.4,328114.8001630078,4689442.781484822,4,19,T
2022/10/06/18:55:38.015703,0,82538,0,GPS1_Frame,42.338263999999995,-71.08651,27.4,328114.8001630078,4689442.781484822,4,19,T
2022/10/06/18:55:39.038914,0,82539,0,GPS1_Frame,42.338263999999995,-71.08651,27.4,328114.8001630078,4689442.781484822,4,19,T
2022/10/06/18:55:40.016261,0,82540,0,GPS1_Frame,42.338263999999995,-71.08651,27.4,328114.8001630078,4689442.781484822,4,19,T
2022/10/06/18:55:41.038450,0,82541,0,GPS1_Frame,42.338263999999995,-71.08651,27.4,328114.8001630078,4689442.781484822,4,19,T
2022/10/06/18:55:42.013141,0,82542,0,GPS1_Frame,42.338263999999995,-71.08651,27.4,328114.8001630078,4689442.781484822,4,19,T
2022/10/06/18:55:43.038801,0,82543,0,GPS1_Frame,42.338263999999995,-71.08651,27.4,328114.8001630078,4689442.781484822,4,19,T
2022/10/06/18:55:44.016275,0,82544,0,GPS1_Frame,42.338263999999995,-71.08651,27.4,328114.8001630078,4689442.781484822,4,19,T
2022/10/06/18:55:45.039764,0,82545,0,GPS1_Frame,42.338263999999995,-71.08651,27.4,328114.8001630078,4689442.781484822,4,19,T
2022/10/06/18:55:46.015653,0,82546,0,GPS1_Frame,42.338263999999995,-71.08651,27.4,328114.8001630078,4689442.781484822,4,19,T
2022/10/06/18:55:47.039793,0,82547,0,GPS1_Frame,42.338263999999995,-71.08651,27.4,328114.8001630078,4689442.781484822,4,19,T
2022/10/06/18:55:48.013191,0,82548,0,GPS1_Frame,42.338263999999995,-71.08651,27.4,328114.8001630078,4689442.781484822,4,19,T
2022/10/06/18:55:49.037991,0,82549,0,GPS1_Frame,42.338263999999995,-71.08651016666666,27.4,328114.7864325545,4689442.781821734,4,19,T
2022/10/06/18:55:50.013693,0,82550,0,GPS1_Frame,42.338263999999995,-71.08651,27.4,328114.8001630078,4689442.781484822,4,19,T
2022/10/06/18:55:51.037669,0,82551,0,GPS1_Frame,42.338263999999995,-71.08651,27.4,328114.8001630078,4689442.781484822,4,19,T
2022/10/06/18:55:52.014900,0,82552,0,GPS1_Frame,42.338263999999995,-71.08651,27.4,328114.8001630078,4689442.781484822,4,19,T
2022/10/06/18:55:53.039176,0,82553,0,GPS1_Frame,42.338263999999995,-71.08651,27.4,328114.8001630078,4689442.781484822,4,19,T
2022/10/06/18:55:54.014832,0,82554,0,GPS1_Frame,42.338263999999995,-71.08651,27.4,328114.8001630078,4689442.781484822,4,19,T
2022/10/06/18:55:55.038497,0,82555,0,GPS1_Frame,42.338263999999995,-71.08651,27.4,328114.8001630078,4689442.781484822,4,19,T
2022/10/06/18:55:56.015173,0,82556,0,GPS1_Frame,42.338263999999995,-71.08651,27.4,328114.8001630078,4689442.781484822,4,19,T
2022/10/06/18:55:57.039146,0,82557,0,GPS1_Frame,42.338263999999995,-71.08651,27.4,328114.8001630078,4689442.781484822,4,19,T
2022/10/06/18:55:58.010458,0,82558,0,GPS1_Frame,42.338263999999995,-71.08651,27.4,328114.8001630078,4689442.781484822,4,19,T
2022/10/06/18:55:59.033645,0,82559,0,GPS1_Frame,42.338263999999995,-71.08651,27.4,328114.8001630078,4689442.781484822,4,19,T
2022/10/06/18:56:00.013117,0,82560,0,GPS1_Frame,42.338263999999995,-71.08651016666666,27.4,328114.7864325545,4689442.781821734,4,19,T
2022/10/06/18:56:01.040041,0,82561,0,GPS1_Frame,42.338263999999995,-71.08651,27.4,328114.8001630078,4689442.781484822,4,19,T
2022/10/06/18:56:02.013702,0,82562,0,GPS1_Frame,42.338263999999995,-71.08651,27.4,328114.8001630078,4689442.781484822,4,19,T
2022/10/06/18:56:03.039971,0,82563,0,GPS1_Frame,42.338263999999995,-71.08651,27.4,328114.8001630078,4689442.781484822,4,19,T
2022/10/06/18:56:04.015516,0,82564,0,GPS1_Frame,42.338263999999995,-71.08651,27.4,328114.8001630078,4689442.781484822,4,19,T
2022/10/06/18:56:05.042161,0,82565,0,GPS1_Frame,42.338263999999995,-71.08651,27.4,328114.8001630078,4689442.781484822,4,19,T
2022/10/06/18:56:06.014787,0,82566,0,GPS1_Frame,42.338263999999995,-71.08651,27.4,328114.8001630078,4689442.781484822,4,19,T
2022/10/06/18:56:07.039939,0,82567,0,GPS1_Frame,42.338263999999995,-71.08651,27.4,328114.8001630078,4689442.781484822,4,19,T
2022/10/06/18:56:08.013527,0,82568,0,GPS1_Frame,42.338263999999995,-71.08651,27.4,328114.8001630078,4689442.781484822,4,19,T
2022/10/06/18:56:09.038513,0,82569,0,GPS1_Frame,42.338263999999995,-71.08651,27.4,328114.8001630078,4689442.781484822,4,19,T
2022/10/06/18:56:10.011126,0,82570,0,GPS1_Frame,42.338263999999995,-71.08651,27.4,328114.8001630078,4689442.781484822,4,19,T
2022/10/06/18:56:11.036129,0,82571,0,GPS1_Frame,42.338263999999995,-71.08651,27.4,328114.8001630078,4689442.781484822,4,19,T
2022/10/06/18:56:12.011023,0,82572,0,GPS1_Frame,42.338263999999995,-71.08651,27.4,328114.8001630078,4689442.781484822,4,19,T
2022/10/06/18:56:13.036162,0,82573,0,GPS1_Frame,42.338263999999995,-71.08651,27.4,328114.8001630078,4689442.781484822,4,19,T
2022/10/06/18:56:14.009888,0,82574,0,GPS1_Frame,42.338263999999995,-71.08651,27.4,328114.8001630078,4689442.781484822,4,19,T
2022/10/06/18:56:15.037406,0,82575,0,GPS1_Frame,42.338263999999995,-71.08651,27.4,328114.8001630078,4689442.781484822,4,19,T
2022/10/06/18:56:16.010985,0,82576,0,GPS1_Frame,42.338263999999995,-71.08651,27.4,328114.8001630078,4689442.781484822,4,19,T
2022/10/06/18:56:17.030881,0,82577,0,GPS1_Frame,42.338263999999995,-71.08651,27.4,328114.8001630078,4689442.781484822,4,19,T
2022/10/06/18:56:18.011576,0,82578,0,GPS1_Frame,42.338263999999995,-71.08651,27.4,328114.8001630078,4689442.781484822,4,19,T
2022/10/06/18:56:19.039701,0,82579,0,GPS1_Frame,42.338263999999995,-71.08651,27.4,328114.8001630078,4689442.781484822,4,19,T
2022/10/06/18:56:20.014146,0,82580,0,GPS1_Frame,42.338263999999995,-71.08651,27.4,328114.8001630078,4689442.781484822,4,19,T
2022/10/06/18:56:21.038846,0,82581,0,GPS1_Frame,42.338263999999995,-71.08651016666666,27.4,328114.7864325545,4689442.781821734,4,19,T
2022/10/06/18:56:22.014185,0,82582,0,GPS1_Frame,42.338263999999995,-71.08651,27.4,328114.8001630078,4689442.781484822,4,19,T
2022/10/06/18:56:23.037870,0,82583,0,GPS1_Frame,42.338263999999995,-71.08651,27.4,328114.8001630078,4689442.781484822,4,19,T
2022/10/06/18:56:24.015245,0,82584,0,GPS1_Frame,42.338263999999995,-71.08651,27.4,328114.8001630078,4689442.781484822,4,19,T
2022/10/06/18:56:25.039248,0,82585,0,GPS1_Frame,42.338263999999995,-71.08651,27.4,328114.8001630078,4689442.781484822,4,19,T
2022/10/06/18:56:26.012313,0,82586,0,GPS1_Frame,42.338263999999995,-71.08651,27.4,328114.8001630078,4689442.781484822,4,19,T
2022/10/06/18:56:27.037151,0,82587,0,GPS1_Frame,42.338263999999995,-71.08651,27.4,328114.8001630078,4689442.781484822,4,19,T
2022/10/06/18:56:28.014697,0,82588,0,GPS1_Frame,42.338263999999995,-71.08651,27.4,328114.8001630078,4689442.781484822,4,19,T
2022/10/06/18:56:29.037156,0,82589,0,GPS1_Frame,42.338263999999995,-71.08651,27.4,328114.8001630078,4689442.781484822,4,19,T
2022/10/06/18:56:30.015384,0,82590,0,GPS1_Frame,42.338263999999995,-71.08651,27.4,328114.8001630078,4689442.781484822,4,19,T
2022/10/06/18:56:31.039304,0,82591,0,GPS1_Frame,42.338263999999995,-71.08651,27.4,328114.8001630078,4689442.781484822,4,19,T
2022/10/06/18:56:32.013510,0,82592,0,GPS1_Frame,42.338263999999995,-71.08651016666666,27.4,328114.7864325545,4689442.781821734,4,19,T
2022/10/06/18:56:33.037569,0,82593,0,GPS1_Frame,42.338263999999995,-71.08651,27.4,328114.8001630078,4689442.781484822,4,19,T
2022/10/06/18:56:34.012677,0,82594,0,GPS1_Frame,42.338263999999995,-71.08651016666666,27.4,328114.7864325545,4689442.781821734,4,19,T
2022/10/06/18:56:35.035008,0,82595,0,GPS1_Frame,42.338263999999995,-71.08651016666666,27.4,328114.7864325545,4689442.781821734,4,19,T
2022/10/06/18:56:36.012903,0,82596,0,GPS1_Frame,42.338263999999995,-71.08651,27.4,328114.8001630078,4689442.781484822,4,19,T
2022/10/06/18:56:37.037384,0,82597,0,GPS1_Frame,42.338263999999995,-71.08651016666666,27.4,328114.7864325545,4689442.781821734,4,19,T
2022/10/06/18:56:38.011510,0,82598,0,GPS1_Frame,42.338263999999995,-71.08651016666666,27.4,328114.7864325545,4689442.781821734,4,19,T
2022/10/06/18:56:39.039526,0,82599,0,GPS1_Frame,42.338263999999995,-71.08651,27.4,328114.8001630078,4689442.781484822,4,19,T
2022/10/06/18:56:40.015845,0,82600,0,GPS1_Frame,42.338263999999995,-71.08651,27.4,328114.8001630078,4689442.781484822,4,19,T
2022/10/06/18:56:41.037770,0,82601,0,GPS1_Frame,42.338263999999995,-71.08651,27.4,328114.8001630078,4689442.781484822,4,19,T
2022/10/06/18:56:42.014729,0,82602,0,GPS1_Frame,42.338263999999995,-71.08651,27.4,328114.8001630078,4689442.781484822,4,19,T
2022/10/06/18:56:43.038673,0,82603,0,GPS1_Frame,42.338263999999995,-71.08651,27.4,328114.8001630078,4689442.781484822,4,19,T
2022/10/06/18:56:44.013768,0,82604,0,GPS1_Frame,42.338263999999995,-71.08651,27.4,328114.8001630078,4689442.781484822,4,19,T
2022/10/06/18:56:45.036315,0,82605,0,GPS1_Frame,42.338263999999995,-71.08651016666666,27.4,328114.7864325545,4689442.781821734,4,19,T
2022/10/06/18:56:46.013099,0,82606,0,GPS1_Frame,42.338263999999995,-71.08651016666666,27.4,328114.7864325545,4689442.781821734,4,19,T
2022/10/06/18:56:47.038233,0,82607,0,GPS1_Frame,42.338263999999995,-71.08651016666666,27.4,328114.7864325545,4689442.781821734,4,19,T
2022/10/06/18:56:48.015193,0,82608,0,GPS1_Frame,42.338263999999995,-71.08651,27.4,328114.8001630078,4689442.781484822,4,19,T
2022/10/06/18:56:49.034975,0,82609,0,GPS1_Frame,42.338263999999995,-71.08651,27.4,328114.8001630078,4689442.781484822,4,19,T
2022/10/06/18:56:50.014813,0,82610,0,GPS1_Frame,42.338263999999995,-71.08651,27.4,328114.8001630078,4689442.781484822,4,19,T
2022/10/06/18:56:51.039074,0,82611,0,GPS1_Frame,42.338263999999995,-71.08651,27.4,328114.8001630078,4689442.781484822,4,19,T
2022/10/06/18:56:52.014369,0,82612,0,GPS1_Frame,42.338263999999995,-71.08651,27.4,328114.8001630078,4689442.781484822,4,19,T
2022/10/06/18:56:53.036086,0,82613,0,GPS1_Frame,42.338263999999995,-71.08651,27.4,328114.8001630078,4689442.781484822,4,19,T
2022/10/06/18:56:54.012945,0,82614,0,GPS1_Frame,42.338263999999995,-71.08651016666666,27.4,328114.7864325545,4689442.781821734,4,19,T
2022/10/06/18:56:55.038642,0,82615,0,GPS1_Frame,42.338263999999995,-71.08651,27.4,328114.8001630078,4689442.781484822,4,19,T
2022/10/06/18:56:56.015823,0,82616,0,GPS1_Frame,42.338263999999995,-71.08651,27.4,328114.8001630078,4689442.781484822,4,19,T
